Reconstruction lambda,SNR,Data length,Log MSE on Weights
1.5,100,1,1.078
1.5,100,2,9.2966
1.5,100,3,2.5516
1.5,100,4,2.9568
1.5,100,5,6.3636
1.5,100,6,4.6246
1.5,100,7,6.5651
1.5,100,8,6.5676
1.5,100,9,5.7194
1.5,100,10,4.6391
1.5,100,11,3.8301
1.5,100,12,3.2023
1.5,100,13,2.7956
1.5,100,14,2.5542
1.5,100,15,2.1701
1.5,100,16,1.939
1.5,100,17,1.7995
1.5,100,18,1.7056
1.5,100,19,1.6585
1.5,100,20,1.6458
1.5,100,21,1.6443
1.5,100,22,1.644
1.5,100,23,1.6564
1.5,100,24,1.6828
1.5,100,25,1.7314
1.5,100,26,1.7728
1.5,100,27,1.7686
1.5,100,28,1.7669
1.5,100,29,1.7606
1.5,100,30,1.7513
1.5,100,31,1.718
1.5,100,32,1.6893
1.5,100,33,1.6707
1.5,100,34,1.6736
1.5,100,35,1.6559
1.5,100,36,1.6426
1.5,100,37,1.6329
1.5,100,38,1.6303
1.5,100,39,1.9891
1.5,100,40,2.5002
1.5,100,41,2.8438
1.5,100,42,3.0662
1.5,100,43,3.2715
1.5,100,44,3.4186
1.5,100,45,3.4124
1.5,100,46,3.408
1.5,100,47,3.4048
1.5,100,48,3.4026
1.5,100,49,3.4019
1.5,100,50,3.4031
1.5,100,51,3.4059
1.5,100,52,3.4108
1.5,100,53,3.418
1.5,100,54,3.4277
1.5,100,55,3.4402
1.5,100,56,3.4556
1.5,100,57,3.4743
1.5,100,58,3.4962
1.5,100,59,3.5215
1.5,100,60,3.5505
1.5,100,61,3.5829
1.5,100,62,3.6178
1.5,100,63,3.6577
1.5,100,64,3.7004
1.5,100,65,3.7469
1.5,100,66,3.797
1.5,100,67,3.8506
1.5,100,68,3.9071
1.5,100,69,3.9674
1.5,100,70,4.0308
1.5,100,71,4.0959
1.5,100,72,4.1634
1.5,100,73,4.2329
1.5,100,74,4.3039
1.5,100,75,4.3756
1.5,100,76,4.4487
1.5,100,77,5.4721
1.5,100,78,5.6071
1.5,100,79,5.7282
1.5,100,80,5.8916
1.5,100,81,5.9776
1.5,100,82,6.0623
1.5,100,83,6.146
1.5,100,84,6.2331
1.5,100,85,6.3151
1.5,100,86,6.396
1.5,100,87,6.4756
1.5,100,88,6.5538
1.5,100,89,6.6332
1.5,100,90,6.7133
1.5,100,91,6.7885
1.5,100,92,6.8476
1.5,100,93,6.8971
1.5,100,94,6.9447
1.5,100,95,6.9938
1.5,100,96,6.9889
1.5,100,97,7.0498
1.5,100,98,7.1115
1.5,100,99,7.3491
1.5,100,100,7.5017
1.5,100,101,7.5503
1.5,100,102,7.6588
1.5,100,103,7.7289
1.5,100,104,7.8001
1.5,100,105,7.8748
1.5,100,106,7.9465
1.5,100,107,7.9988
1.5,100,108,8.0266
1.5,100,109,8.0191
1.5,100,110,7.839
1.5,100,111,7.8619
1.5,100,112,7.8846
1.5,100,113,7.8905
1.5,100,114,6.9121
1.5,100,115,6.9296
1.5,100,116,7.0959
1.5,100,117,7.4127
1.5,100,118,7.4432
1.5,100,119,7.4767
1.5,100,120,7.5197
1.5,100,121,7.569
1.5,100,122,7.6125
1.5,100,123,7.6495
1.5,100,124,7.539
1.5,100,125,7.5525
1.5,100,126,7.5683
1.5,100,127,7.5789
1.5,100,128,7.5921
1.5,100,129,7.6188
1.5,100,130,7.6605
1.5,100,131,7.7195
1.5,100,132,7.7797
1.5,100,133,7.8414
1.5,100,134,7.8473
1.5,100,135,7.9759
1.5,100,136,8.1063
1.5,100,137,8.1326
1.5,100,138,8.1517
1.5,100,139,8.1711
1.5,100,140,8.1898
1.5,100,141,8.2068
1.5,100,142,8.203
1.5,100,143,8.2092
1.5,100,144,8.2173
1.5,100,145,8.2332
1.5,100,146,8.2496
1.5,100,147,8.2585
1.5,100,148,8.2671
1.5,100,149,8.276
1.5,100,150,8.2854
1.5,100,151,8.2996
1.5,100,152,8.3142
1.5,100,153,8.2842
1.5,100,154,8.2947
1.5,100,155,8.308
1.5,100,156,8.3213
1.5,100,157,8.3359
1.5,100,158,8.3626
1.5,100,159,8.3779
1.5,100,160,8.3457
1.5,100,161,8.3482
1.5,100,162,8.3553
1.5,100,163,8.3648
1.5,100,164,8.3838
1.5,100,165,8.4039
1.5,100,166,8.4188
1.5,100,167,8.4332
1.5,100,168,8.4422
1.5,100,169,8.4451
1.5,100,170,8.4668
1.5,100,171,8.4755
1.5,100,172,8.4863
1.5,100,173,8.4962
1.5,100,174,8.4974
1.5,100,175,8.4996
1.5,100,176,8.502
1.5,100,177,8.5044
1.5,100,178,8.5066
1.5,100,179,8.5097
1.5,100,180,8.5134
1.5,100,181,8.5163
1.5,100,182,8.5188
1.5,100,183,8.5212
1.5,100,184,8.5443
1.5,100,185,8.5463
1.5,100,186,8.5493
1.5,100,187,8.5531
1.5,100,188,8.556
1.5,100,189,8.6948
1.5,100,190,8.6354
1.5,100,191,8.5897
1.5,100,192,8.5586
1.5,100,193,8.5366
1.5,100,194,8.4624
1.5,100,195,8.4566
1.5,100,196,8.356
1.5,100,197,8.1535
1.5,100,198,7.9969
1.5,100,199,7.872
1.5,100,200,7.7264
1.5,100,201,7.642
1.5,100,202,7.5725
1.5,100,203,7.5152
1.5,100,204,7.4666
1.5,100,205,7.4349
1.5,100,206,7.1143
1.5,100,207,7.0378
1.5,100,208,6.981
1.5,100,209,6.8561
1.5,100,210,6.7539
1.5,100,211,6.438
1.5,100,212,6.2217
1.5,100,213,6.0602
1.5,100,214,5.8183
1.5,100,215,5.6117
1.5,100,216,5.4376
1.5,100,217,5.2934
1.5,100,218,5.1687
1.5,100,219,5.06
1.5,100,220,4.9648
1.5,100,221,4.881
1.5,100,222,4.8083
1.5,100,223,4.7438
1.5,100,224,4.6873
1.5,100,225,4.5943
1.5,100,226,4.4539
1.5,100,227,4.3466
1.5,100,228,4.2971
1.5,100,229,4.251
1.5,100,230,4.2076
1.5,100,231,4.1668
1.5,100,232,4.1288
1.5,100,233,4.0932
1.5,100,234,4.0598
1.5,100,235,4.0282
1.5,100,236,3.9993
1.5,100,237,3.9714
1.5,100,238,3.9424
1.5,100,239,3.8978
1.5,100,240,3.8545
1.5,100,241,3.8138
1.5,100,242,3.7776
1.5,100,243,3.7424
1.5,100,244,3.71
1.5,100,245,3.6503
1.5,100,246,3.5904
1.5,100,247,3.5326
1.5,100,248,3.4796
1.5,100,249,3.4293
1.5,100,250,3.3813
1.5,100,251,3.3366
1.5,100,252,3.2941
1.5,100,253,3.2348
1.5,100,254,3.1692
1.5,100,255,3.1111
1.5,100,256,3.0588
1.5,100,257,3.0102
1.5,100,258,2.9653
1.5,100,259,2.9238
1.5,100,260,2.8851
1.5,100,261,2.8486
1.5,100,262,2.795
1.5,100,263,2.7251
1.5,100,264,2.6684
1.5,100,265,2.6195
1.5,100,266,2.576
1.5,100,267,2.5361
1.5,100,268,2.3882
1.5,100,269,2.2631
1.5,100,270,2.153
1.5,100,271,2.0565
1.5,100,272,1.9641
1.5,100,273,1.8799
1.5,100,274,1.8055
1.5,100,275,1.7441
1.5,100,276,1.6936
1.5,100,277,1.6503
1.5,100,278,1.6137
1.5,100,279,1.5825
1.5,100,280,1.5577
1.5,100,281,1.539
1.5,100,282,1.5259
1.5,100,283,1.5171
1.5,100,284,1.5117
1.5,100,285,1.509
1.5,100,286,1.5083
1.5,100,287,1.509
1.5,100,288,1.5108
1.5,100,289,1.5132
1.5,100,290,1.5165
1.5,100,291,1.5202
1.5,100,292,1.5241
1.5,100,293,1.5284
1.5,100,294,1.5329
1.5,100,295,1.5376
1.5,100,296,1.5375
1.5,100,297,1.5358
1.5,100,298,1.5341
1.5,100,299,1.5325
1.5,100,300,1.531
1.5,100,301,1.5296
1.5,100,302,1.5284
1.5,100,303,1.5272
1.5,100,304,1.5261
1.5,100,305,1.5249
1.5,100,306,1.524
1.5,100,307,1.523
1.5,100,308,1.5223
1.5,100,309,1.5214
1.5,100,310,1.5206
1.5,100,311,1.5199
1.5,100,312,1.5192
1.5,100,313,1.5186
1.5,100,314,1.518
1.5,100,315,1.5175
1.5,100,316,1.5172
1.5,100,317,1.5166
1.5,100,318,1.575
1.5,100,319,1.7304
1.5,100,320,1.8335
1.5,100,321,1.8379
1.5,100,322,1.8376
1.5,100,323,1.8371
1.5,100,324,1.8366
1.5,100,325,1.836
1.5,100,326,1.8356
1.5,100,327,1.8351
1.5,100,328,1.8346
1.5,100,329,1.8342
1.5,100,330,1.8337
1.5,100,331,1.8332
1.5,100,332,1.8328
1.5,100,333,1.8324
1.5,100,334,1.8319
1.5,100,335,1.8315
1.5,100,336,1.8311
1.5,100,337,1.8307
1.5,100,338,1.8303
1.5,100,339,1.8298
1.5,100,340,1.8298
1.5,100,341,1.8298
1.5,100,342,1.8297
1.5,100,343,1.8294
1.5,100,344,1.8292
1.5,100,345,1.829
1.5,100,346,1.8288
1.5,100,347,1.8287
1.5,100,348,1.8289
1.5,100,349,1.8292
1.5,100,350,1.8295
1.5,100,351,1.8298
1.5,100,352,1.8302
1.5,100,353,1.8305
1.5,100,354,1.8309
1.5,100,355,1.8312
1.5,100,356,1.8315
1.5,100,357,1.8318
1.5,100,358,1.8321
1.5,100,359,1.8324
1.5,100,360,1.8326
1.5,100,361,1.8329
1.5,100,362,1.8331
1.5,100,363,1.8334
1.5,100,364,1.8337
1.5,100,365,1.8339
1.5,100,366,1.8341
1.5,100,367,1.8344
1.5,100,368,1.8347
1.5,100,369,1.8349
1.5,100,370,1.8351
1.5,100,371,1.8353
1.5,100,372,1.8355
1.5,100,373,1.8357
1.5,100,374,1.8359
1.5,100,375,1.8361
1.5,100,376,1.8364
1.5,100,377,1.8366
1.5,100,378,1.8368
1.5,100,379,1.837
1.5,100,380,1.8372
1.5,100,381,1.8374
1.5,100,382,1.8376
1.5,100,383,1.8377
1.5,100,384,1.8379
1.5,100,385,1.8381
1.5,100,386,1.8383
1.5,100,387,1.8385
1.5,100,388,1.8387
1.5,100,389,1.8388
1.5,100,390,1.839
1.5,100,391,1.8392
1.5,100,392,1.8394
1.5,100,393,1.8395
1.5,100,394,1.8398
1.5,100,395,1.84
1.5,100,396,1.8401
1.5,100,397,1.8402
1.5,100,398,1.8405
1.5,100,399,1.8406
1.5,100,400,1.8407
1.5,100,401,1.8409
1.5,100,402,1.841
1.5,100,403,1.8411
1.5,100,404,1.8411
1.5,100,405,1.841
1.5,100,406,1.841
1.5,100,407,1.8409
1.5,100,408,1.8408
1.5,100,409,1.8408
1.5,100,410,1.8407
1.5,100,411,1.8407
1.5,100,412,1.8406
1.5,100,413,1.8406
1.5,100,414,1.8406
1.5,100,415,1.8406
1.5,100,416,1.8405
1.5,100,417,1.8405
1.5,100,418,1.8405
1.5,100,419,1.8405
1.5,100,420,1.8405
1.5,100,421,1.8405
1.5,100,422,1.8405
1.5,100,423,1.8405
1.5,100,424,1.8406
1.5,100,425,1.8406
1.5,100,426,1.8406
1.5,100,427,1.8406
1.5,100,428,1.8407
1.5,100,429,1.8407
1.5,100,430,1.8408
1.5,100,431,1.8408
1.5,100,432,1.8409
1.5,100,433,1.841
1.5,100,434,1.841
1.5,100,435,1.8411
1.5,100,436,1.8412
1.5,100,437,1.8413
1.5,100,438,1.8414
1.5,100,439,1.8415
1.5,100,440,1.8415
1.5,100,441,1.8416
1.5,100,442,1.8417
1.5,100,443,1.8418
1.5,100,444,1.842
1.5,100,445,1.8421
1.5,100,446,1.8424
1.5,100,447,1.8427
1.5,100,448,1.8431
1.5,100,449,1.8435
1.5,100,450,1.8438
1.5,100,451,1.8442
1.5,100,452,1.8445
1.5,100,453,1.8447
1.5,100,454,1.8449
1.5,100,455,1.8451
1.5,100,456,1.8452
1.5,100,457,1.8454
1.5,100,458,1.8456
1.5,100,459,1.8458
1.5,100,460,1.846
1.5,100,461,1.8462
1.5,100,462,1.8464
1.5,100,463,1.8466
1.5,100,464,1.8468
1.5,100,465,1.847
1.5,100,466,1.8473
1.5,100,467,1.8476
1.5,100,468,1.8478
1.5,100,469,1.8481
1.5,100,470,1.8483
1.5,100,471,1.8486
1.5,100,472,1.8488
1.5,100,473,1.8491
1.5,100,474,1.8493
1.5,100,475,1.8496
1.5,100,476,1.8499
1.5,100,477,1.8502
1.5,100,478,1.8505
1.5,100,479,1.8508
1.5,100,480,1.8511
1.5,100,481,1.8514
1.5,100,482,1.8517
1.5,100,483,1.852
1.5,100,484,1.8523
1.5,100,485,1.8526
1.5,100,486,1.853
1.5,100,487,1.8533
1.5,100,488,1.8536
1.5,100,489,1.854
1.5,100,490,1.8543
1.5,100,491,1.8547
1.5,100,492,1.855
1.5,100,493,1.8554
1.5,100,494,1.8558
1.5,100,495,1.8561
1.5,100,496,1.8565
1.5,100,497,1.8569
1.5,100,498,1.8573
1.5,100,499,1.8577
1.5,100,500,1.8581
1.5,100,501,1.8585
1.5,100,502,1.859
1.5,100,503,1.8594
1.5,100,504,1.8598
1.5,100,505,1.8603
1.5,100,506,1.8607
1.5,100,507,1.8611
1.5,100,508,1.8616
1.5,100,509,1.862
1.5,100,510,1.8625
1.5,100,511,1.863
1.5,100,512,1.8634
1.5,100,513,1.8639
1.5,100,514,1.8644
1.5,100,515,1.8649
1.5,100,516,1.8653
1.5,100,517,1.8658
1.5,100,518,1.8663
1.5,100,519,1.8669
1.5,100,520,1.8674
1.5,100,521,1.8679
1.5,100,522,1.8685
1.5,100,523,1.869
1.5,100,524,1.8695
1.5,100,525,1.8699
1.5,100,526,1.8704
1.5,100,527,1.871
1.5,100,528,1.8715
1.5,100,529,1.8721
1.5,100,530,1.8726
1.5,100,531,1.8734
1.5,100,532,1.8738
1.5,100,533,1.8743
1.5,100,534,1.8749
1.5,100,535,1.8756
1.5,100,536,1.8762
1.5,100,537,1.8768
1.5,100,538,1.8775
1.5,100,539,1.8782
1.5,100,540,1.8788
1.5,100,541,1.8795
1.5,100,542,1.8802
1.5,100,543,1.8809
1.5,100,544,1.8816
1.5,100,545,1.8823
1.5,100,546,1.883
1.5,100,547,1.8836
1.5,100,548,1.8843
1.5,100,549,1.8851
1.5,100,550,1.8858
1.5,100,551,1.8865
1.5,100,552,1.8873
1.5,100,553,1.888
1.5,100,554,1.8887
1.5,100,555,1.8895
1.5,100,556,1.8903
1.5,100,557,1.891
1.5,100,558,1.8918
1.5,100,559,1.8926
1.5,100,560,1.8934
1.5,100,561,1.8942
1.5,100,562,1.895
1.5,100,563,1.8958
1.5,100,564,1.8967
1.5,100,565,1.8975
1.5,100,566,1.8983
1.5,100,567,1.8992
1.5,100,568,1.9
1.5,100,569,1.9009
1.5,100,570,1.902
1.5,100,571,1.9031
1.5,100,572,1.904
1.5,100,573,1.9046
1.5,100,574,1.9049
1.5,100,575,1.9053
1.5,100,576,1.9059
1.5,100,577,1.9063
1.5,100,578,1.9067
1.5,100,579,1.9071
1.5,100,580,1.9075
1.5,100,581,1.9079
1.5,100,582,1.9084
1.5,100,583,1.9089
1.5,100,584,1.9093
1.5,100,585,1.9099
1.5,100,586,1.91
1.5,100,587,1.9107
1.5,100,588,1.9113
1.5,100,589,1.9117
1.5,100,590,1.9122
1.5,100,591,1.9126
1.5,100,592,1.9131
1.5,100,593,1.9137
1.5,100,594,1.9143
1.5,100,595,1.915
1.5,100,596,1.9155
1.5,100,597,1.9161
1.5,100,598,1.9167
1.5,100,599,1.9174
1.5,100,600,1.918
1.5,100,601,1.9187
1.5,100,602,1.9194
1.5,100,603,1.9217
1.5,100,604,1.9243
1.5,100,605,1.8187
1.5,100,606,1.8193
1.5,100,607,1.8164
1.5,100,608,1.8156
1.5,100,609,1.8179
1.5,100,610,1.8172
1.5,100,611,1.8165
1.5,100,612,1.8156
1.5,100,613,1.8148
1.5,100,614,1.8141
1.5,100,615,1.8133
1.5,100,616,1.8126
1.5,100,617,1.8119
1.5,100,618,1.8111
1.5,100,619,1.8103
1.5,100,620,1.8095
1.5,100,621,1.8082
1.5,100,622,1.8045
1.5,100,623,1.7993
1.5,100,624,1.793
1.5,100,625,1.7873
1.5,100,626,1.7813
1.5,100,627,1.7736
1.5,100,628,1.767
1.5,100,629,1.7592
1.5,100,630,1.7538
1.5,100,631,1.7486
1.5,100,632,1.7436
1.5,100,633,1.7386
1.5,100,634,1.7338
1.5,100,635,1.7293
1.5,100,636,1.7247
1.5,100,637,1.721
1.5,100,638,1.7192
1.5,100,639,1.7184
1.5,100,640,1.7175
1.5,100,641,1.7165
1.5,100,642,1.7158
1.5,100,643,1.7149
1.5,100,644,1.7141
1.5,100,645,1.7134
1.5,100,646,1.7128
1.5,100,647,1.712
1.5,100,648,1.7112
1.5,100,649,1.7106
1.5,100,650,1.7102
1.5,100,651,1.7096
1.5,100,652,1.7092
1.5,100,653,1.7087
1.5,100,654,1.7084
1.5,100,655,1.708
1.5,100,656,1.7076
1.5,100,657,1.7071
1.5,100,658,1.7068
1.5,100,659,1.7064
1.5,100,660,1.7062
1.5,100,661,1.7064
1.5,100,662,1.7065
1.5,100,663,1.7066
1.5,100,664,1.7065
1.5,100,665,1.7062
1.5,100,666,1.7058
1.5,100,667,1.7053
1.5,100,668,1.7046
1.5,100,669,1.7044
1.5,100,670,1.704
1.5,100,671,1.7037
1.5,100,672,1.6968
1.5,100,673,1.6983
1.5,100,674,1.6973
1.5,100,675,1.6961
1.5,100,676,1.695
1.5,100,677,1.6939
1.5,100,678,1.6929
1.5,100,679,1.693
1.5,100,680,1.692
1.5,100,681,1.6921
1.5,100,682,1.6911
1.5,100,683,1.6902
1.5,100,684,1.6893
1.5,100,685,1.6884
1.5,100,686,1.6875
1.5,100,687,1.6867
1.5,100,688,1.6859
1.5,100,689,1.6851
1.5,100,690,1.6843
1.5,100,691,1.6836
1.5,100,692,1.6829
1.5,100,693,1.6821
1.5,100,694,1.6814
1.5,100,695,1.6807
1.5,100,696,1.68
1.5,100,697,1.6794
1.5,100,698,1.6788
1.5,100,699,1.6782
1.5,100,700,1.6856
1.5,100,701,1.6865
1.5,100,702,1.2191
1.5,100,703,1.2189
1.5,100,704,1.2061
1.5,100,705,1.206
1.5,100,706,1.2058
1.5,100,707,1.2057
1.5,100,708,1.2055
1.5,100,709,1.2054
1.5,100,710,1.2052
1.5,100,711,1.2051
1.5,100,712,1.2049
1.5,100,713,1.2048
1.5,100,714,1.2047
1.5,100,715,1.2045
1.5,100,716,1.2044
1.5,100,717,1.2042
1.5,100,718,1.2041
1.5,100,719,1.204
1.5,100,720,1.2038
1.5,100,721,1.2037
1.5,100,722,1.2036
1.5,100,723,1.2034
1.5,100,724,1.2033
1.5,100,725,1.2032
1.5,100,726,1.203
1.5,100,727,1.2029
1.5,100,728,1.2028
1.5,100,729,1.2026
1.5,100,730,1.2025
1.5,100,731,1.2024
1.5,100,732,1.2023
1.5,100,733,1.2021
1.5,100,734,1.202
1.5,100,735,1.2019
1.5,100,736,1.2018
1.5,100,737,1.2016
1.5,100,738,1.2014
1.5,100,739,1.2012
1.5,100,740,1.2009
1.5,100,741,1.2007
1.5,100,742,1.2004
1.5,100,743,1.2002
1.5,100,744,1.2
1.5,100,745,1.1997
1.5,100,746,1.1995
1.5,100,747,1.1993
1.5,100,748,1.199
1.5,100,749,1.1988
1.5,100,750,1.1986
1.5,100,751,1.1984
1.5,100,752,1.1982
1.5,100,753,1.198
1.5,100,754,1.1979
1.5,100,755,1.1977
1.5,100,756,1.1975
1.5,100,757,1.1972
1.5,100,758,1.1971
1.5,100,759,1.1969
1.5,100,760,1.1967
1.5,100,761,1.1965
1.5,100,762,1.1964
1.5,100,763,1.1962
1.5,100,764,1.1961
1.5,100,765,1.1959
1.5,100,766,1.1958
1.5,100,767,1.1956
1.5,100,768,1.1955
1.5,100,769,1.1953
1.5,100,770,1.1952
1.5,100,771,1.1951
1.5,100,772,1.1949
1.5,100,773,1.1948
1.5,100,774,1.1947
1.5,100,775,1.1945
1.5,100,776,1.1944
1.5,100,777,1.1943
1.5,100,778,1.1942
1.5,100,779,1.194
1.5,100,780,1.1939
1.5,100,781,1.1938
1.5,100,782,1.1937
1.5,100,783,1.1936
1.5,100,784,1.1935
1.5,100,785,1.1934
1.5,100,786,1.1933
1.5,100,787,1.1932
1.5,100,788,1.1931
1.5,100,789,1.193
1.5,100,790,1.1929
1.5,100,791,0.83718
1.5,100,792,0.58555
1.5,100,793,0.56896
1.5,100,794,0.55397
1.5,100,795,0.54021
1.5,100,796,0.53308
1.5,100,797,0.53151
1.5,100,798,0.52999
1.5,100,799,0.52854
1.5,100,800,0.52728
1.5,100,801,0.52597
1.5,100,802,0.5247
1.5,100,803,0.52341
1.5,100,804,0.52223
1.5,100,805,0.5211
1.5,100,806,0.51998
1.5,100,807,0.51893
1.5,100,808,0.51784
1.5,100,809,0.51421
1.5,100,810,0.50728
1.5,100,811,0.50242
1.5,100,812,0.50208
1.5,100,813,0.50202
1.5,100,814,0.50198
1.5,100,815,0.50195
1.5,100,816,0.50192
1.5,100,817,0.50191
1.5,100,818,0.5019
1.5,100,819,0.5019
1.5,100,820,0.50187
1.5,100,821,0.5019
1.5,100,822,0.50191
1.5,100,823,0.50194
1.5,100,824,0.50199
1.5,100,825,0.50202
1.5,100,826,0.50205
1.5,100,827,0.5021
1.5,100,828,0.50215
1.5,100,829,0.50222
1.5,100,830,0.5023
1.5,100,831,0.50237
1.5,100,832,0.50245
1.5,100,833,0.50254
1.5,100,834,0.50263
1.5,100,835,0.50273
1.5,100,836,0.50284
1.5,100,837,0.50295
1.5,100,838,0.50307
1.5,100,839,0.50318
1.5,100,840,0.50331
1.5,100,841,0.50344
1.5,100,842,0.50358
1.5,100,843,0.50371
1.5,100,844,0.50385
1.5,100,845,0.504
1.5,100,846,0.50415
1.5,100,847,0.50431
1.5,100,848,0.50447
1.5,100,849,0.50464
1.5,100,850,0.5048
1.5,100,851,0.50496
1.5,100,852,0.50514
1.5,100,853,0.50534
1.5,100,854,0.50552
1.5,100,855,0.50571
1.5,100,856,0.5059
1.5,100,857,0.50607
1.5,100,858,0.50627
1.5,100,859,0.50648
1.5,100,860,0.50669
1.5,100,861,0.50689
1.5,100,862,0.50711
1.5,100,863,0.50733
1.5,100,864,0.50756
1.5,100,865,0.50779
1.5,100,866,0.50805
1.5,100,867,0.50826
1.5,100,868,0.50808
1.5,100,869,0.50619
1.5,100,870,0.50455
1.5,100,871,0.5031
1.5,100,872,0.50172
1.5,100,873,0.50045
1.5,100,874,0.49927
1.5,100,875,0.49812
1.5,100,876,0.49702
1.5,100,877,0.49606
1.5,100,878,0.49509
1.5,100,879,0.49417
1.5,100,880,0.49327
1.5,100,881,0.49246
1.5,100,882,0.49172
1.5,100,883,0.49097
1.5,100,884,0.49021
1.5,100,885,0.029599
1.5,100,886,0.029452
1.5,100,887,0.029306
1.5,100,888,0.029162
1.5,100,889,0.029022
1.5,100,890,0.028883
1.5,100,891,0.028745
1.5,100,892,0.028605
1.5,100,893,0.028467
1.5,100,894,0.028332
1.5,100,895,0.028192
1.5,100,896,0.028062
1.5,100,897,0.027929
1.5,100,898,0.0278
1.5,100,899,0.027682
1.5,100,900,0.027556
1.5,100,901,0.027429
1.5,100,902,0.027302
1.5,100,903,0.027178
1.5,100,904,0.027057
1.5,100,905,0.026933
1.5,100,906,0.026812
1.5,100,907,0.026689
1.5,100,908,0.02656
1.5,100,909,0.026439
1.5,100,910,0.026322
1.5,100,911,0.026207
1.5,100,912,0.026091
1.5,100,913,0.025975
1.5,100,914,0.02586
1.5,100,915,0.025755
1.5,100,916,0.025639
1.5,100,917,0.025525
1.5,100,918,0.025408
1.5,100,919,0.025295
1.5,100,920,0.025179
1.5,100,921,0.025067
1.5,100,922,0.024955
1.5,100,923,0.024844
1.5,100,924,0.024734
1.5,100,925,0.024622
1.5,100,926,0.024513
1.5,100,927,0.024404
1.5,100,928,0.024312
1.5,100,929,0.024318
1.5,100,930,0.02444
1.5,100,931,0.024358
1.5,100,932,0.024276
1.5,100,933,0.024173
1.5,100,934,0.024045
1.5,100,935,0.02397
1.5,100,936,0.023868
1.5,100,937,0.023766
1.5,100,938,0.023667
1.5,100,939,0.023567
1.5,100,940,0.023441
1.5,100,941,0.023369
1.5,100,942,0.023273
1.5,100,943,0.023176
1.5,100,944,0.023079
1.5,100,945,0.022985
1.5,100,946,0.022886
1.5,100,947,0.022788
1.5,100,948,0.022685
1.5,100,949,0.022503
1.5,100,950,0.022429
1.5,100,951,0.022334
1.5,100,952,0.022242
1.5,100,953,0.02215
1.5,100,954,0.022057
1.5,100,955,0.021959
1.5,100,956,0.021867
1.5,100,957,0.021768
1.5,100,958,0.02166
1.5,100,959,0.021539
1.5,100,960,0.048521
1.5,100,961,0.1273
1.5,100,962,1.0552
1.5,100,963,1.0554
1.5,100,964,1.0555
1.5,100,965,1.0555
1.5,100,966,1.0556
1.5,100,967,1.0557
1.5,100,968,1.0557
1.5,100,969,1.0558
1.5,100,970,1.0559
1.5,100,971,1.0559
1.5,100,972,1.056
1.5,100,973,1.0561
1.5,100,974,1.0561
1.5,100,975,1.0562
1.5,100,976,1.0562
1.5,100,977,1.0563
1.5,100,978,1.0563
1.5,100,979,1.0564
1.5,100,980,1.0564
1.5,100,981,1.0564
1.5,100,982,1.0565
1.5,100,983,1.0565
1.5,100,984,1.0565
1.5,100,985,1.0566
1.5,100,986,1.0566
1.5,100,987,1.0566
1.5,100,988,1.0567
1.5,100,989,1.0567
1.5,100,990,1.0567
1.5,100,991,1.0568
1.5,100,992,1.0568
1.5,100,993,1.0568
1.5,100,994,1.0568
1.5,100,995,1.0569
1.5,100,996,1.0569
1.5,100,997,1.0569
1.5,100,998,1.0569
1.5,100,999,1.057
1.5,100,1000,1.057
1.5,100,1001,1.057
1.5,100,1002,1.057
1.5,100,1003,1.0571
1.5,100,1004,1.0571
1.5,100,1005,1.0571
1.5,100,1006,1.0571
1.5,100,1007,1.0571
1.5,100,1008,1.0572
1.5,100,1009,1.0572
1.5,100,1010,1.0572
1.5,100,1011,1.0572
1.5,100,1012,1.0572
1.5,100,1013,1.0573
1.5,100,1014,1.0573
1.5,100,1015,1.0573
1.5,100,1016,1.0573
1.5,100,1017,1.0573
1.5,100,1018,1.0574
1.5,100,1019,1.0574
1.5,100,1020,1.0574
1.5,100,1021,1.0574
1.5,100,1022,1.0574
1.5,100,1023,1.0574
1.5,100,1024,1.0574
1.5,100,1025,1.0575
1.5,100,1026,1.0575
1.5,100,1027,1.0575
1.5,100,1028,1.0575
1.5,100,1029,1.0575
1.5,100,1030,1.0575
1.5,100,1031,1.0576
1.5,100,1032,1.0576
1.5,100,1033,1.0576
1.5,100,1034,1.0576
1.5,100,1035,1.0576
1.5,100,1036,1.0576
1.5,100,1037,1.0576
1.5,100,1038,1.0576
1.5,100,1039,Ill-conditioned
1.5,100,1040,Ill-conditioned
1.5,100,1041,1.0577
1.5,100,1042,1.0577
1.5,100,1043,1.0578
1.5,100,1044,1.058
1.5,100,1045,1.0582
1.5,100,1046,1.0583
1.5,100,1047,1.0585
1.5,100,1048,1.0586
1.5,100,1049,1.0586
1.5,100,1050,1.0586
1.5,100,1051,1.0586
1.5,100,1052,1.0586
1.5,100,1053,1.0586
1.5,100,1054,1.0586
1.5,100,1055,1.0586
1.5,100,1056,1.0586
1.5,100,1057,1.0586
1.5,100,1058,1.0586
1.5,100,1059,1.0586
1.5,100,1060,1.0586
1.5,100,1061,1.0586
1.5,100,1062,1.0586
1.5,100,1063,1.0586
1.5,100,1064,1.0587
1.5,100,1065,1.0587
1.5,100,1066,1.0587
1.5,100,1067,1.0587
1.5,100,1068,1.0587
1.5,100,1069,1.0587
1.5,100,1070,1.0587
1.5,100,1071,1.0587
1.5,100,1072,Ill-conditioned
1.5,100,1073,1.0587
1.5,100,1074,1.0587
1.5,100,1075,1.0587
1.5,100,1076,1.0587
1.5,100,1077,1.0587
1.5,100,1078,1.0587
1.5,100,1079,1.0587
1.5,100,1080,1.0587
1.5,100,1081,1.0587
1.5,100,1082,1.0587
1.5,100,1083,1.0587
1.5,100,1084,1.0587
1.5,100,1085,1.0587
1.5,100,1086,1.0587
1.5,100,1087,1.0587
1.5,100,1088,1.0587
1.5,100,1089,1.0587
1.5,100,1090,1.0587
1.5,100,1091,1.0587
1.5,100,1092,1.0587
1.5,100,1093,1.0587
1.5,100,1094,1.0587
1.5,100,1095,1.0587
1.5,100,1096,1.0587
1.5,100,1097,1.0587
1.5,100,1098,1.0587
1.5,100,1099,1.0587
1.5,100,1100,1.0587
1.5,100,1101,1.0587
1.5,100,1102,1.0587
1.5,100,1103,1.0587
1.5,100,1104,1.0587
1.5,100,1105,1.0587
1.5,100,1106,1.0587
1.5,100,1107,1.0587
1.5,100,1108,1.0587
1.5,100,1109,1.0587
1.5,100,1110,1.0587
1.5,100,1111,1.0587
1.5,100,1112,1.0587
1.5,100,1113,1.0587
1.5,100,1114,1.0587
1.5,100,1115,1.0587
1.5,100,1116,1.0587
1.5,100,1117,1.0587
1.5,100,1118,1.0587
1.5,100,1119,1.0587
1.5,100,1120,1.0587
1.5,100,1121,1.0587
1.5,100,1122,1.0588
1.5,100,1123,1.0588
1.5,100,1124,1.0588
1.5,100,1125,1.0588
1.5,100,1126,1.0588
1.5,100,1127,1.0588
1.5,100,1128,1.0588
1.5,100,1129,1.0588
1.5,100,1130,1.0588
1.5,100,1131,1.0588
1.5,100,1132,1.0588
1.5,100,1133,1.0588
1.5,100,1134,1.0588
1.5,100,1135,1.0588
1.5,100,1136,1.0588
1.5,100,1137,1.0588
1.5,100,1138,1.0588
1.5,100,1139,1.0588
1.5,100,1140,1.0588
1.5,100,1141,1.0588
1.5,100,1142,1.0588
1.5,100,1143,1.0588
1.5,100,1144,1.0588
1.5,100,1145,1.0588
1.5,100,1146,1.0588
1.5,100,1147,1.0588
1.5,100,1148,1.0588
1.5,100,1149,1.0588
1.5,100,1150,1.0588
1.5,100,1151,1.0588
1.5,100,1152,1.0588
1.5,100,1153,1.0588
1.5,100,1154,1.0588
1.5,100,1155,1.0588
1.5,100,1156,1.0588
1.5,100,1157,1.0588
1.5,100,1158,1.0588
1.5,100,1159,1.0588
1.5,100,1160,1.0588
1.5,100,1161,1.0588
1.5,100,1162,1.0588
1.5,100,1163,1.0588
1.5,100,1164,1.0588
1.5,100,1165,1.0588
1.5,100,1166,1.0588
1.5,100,1167,1.0587
1.5,100,1168,1.0587
1.5,100,1169,1.0587
1.5,100,1170,1.0587
1.5,100,1171,1.0587
1.5,100,1172,1.0587
1.5,100,1173,1.0587
1.5,100,1174,1.0587
1.5,100,1175,1.0587
1.5,100,1176,1.0587
1.5,100,1177,1.0587
1.5,100,1178,1.0587
1.5,100,1179,1.0587
1.5,100,1180,1.0587
1.5,100,1181,1.0587
1.5,100,1182,1.0587
1.5,100,1183,1.0587
1.5,100,1184,1.0587
1.5,100,1185,1.0587
1.5,100,1186,1.0587
1.5,100,1187,1.0586
1.5,100,1188,1.0586
1.5,100,1189,1.0586
1.5,100,1190,1.0586
1.5,100,1191,1.0586
1.5,100,1192,1.0586
1.5,100,1193,1.0586
1.5,100,1194,1.0586
1.5,100,1195,1.0586
1.5,100,1196,1.0586
1.5,100,1197,1.0586
1.5,100,1198,1.0586
1.5,100,1199,1.0586
1.5,100,1200,1.0586
1.5,100,1201,1.0586
1.5,100,1202,1.0586
1.5,100,1203,1.0586
1.5,100,1204,1.0586
1.5,100,1205,1.0586
1.5,100,1206,1.0586
1.5,100,1207,1.0586
1.5,100,1208,1.0586
1.5,100,1209,1.0585
1.5,100,1210,1.0585
1.5,100,1211,1.0585
1.5,100,1212,1.0585
1.5,100,1213,1.0585
1.5,100,1214,1.0585
1.5,100,1215,1.0585
1.5,100,1216,1.0585
1.5,100,1217,1.0585
1.5,100,1218,1.0585
1.5,100,1219,1.0585
1.5,100,1220,1.0585
1.5,100,1221,1.0585
1.5,100,1222,1.0585
1.5,100,1223,1.0585
1.5,100,1224,1.0585
1.5,100,1225,1.0585
1.5,100,1226,1.0585
1.5,100,1227,1.0584
1.5,100,1228,1.0584
1.5,100,1229,1.0584
1.5,100,1230,1.0584
1.5,100,1231,1.0584
1.5,100,1232,1.0584
1.5,100,1233,1.0584
1.5,100,1234,1.0584
1.5,100,1235,1.0584
1.5,100,1236,1.0584
1.5,100,1237,1.0584
1.5,100,1238,1.0584
1.5,100,1239,1.0584
1.5,100,1240,1.0584
1.5,100,1241,1.0584
1.5,100,1242,1.0584
1.5,100,1243,1.0584
1.5,100,1244,1.0584
1.5,100,1245,1.0584
1.5,100,1246,1.0584
1.5,100,1247,1.0584
1.5,100,1248,1.0584
1.5,100,1249,1.0583
1.5,100,1250,1.0583
1.5,100,1251,1.0583
1.5,100,1252,1.0583
1.5,100,1253,1.0583
1.5,100,1254,1.0583
1.5,100,1255,1.0583
1.5,100,1256,1.0583
1.5,100,1257,1.0583
1.5,100,1258,1.0583
1.5,100,1259,1.0585
1.5,100,1260,1.0585
1.5,100,1261,1.0585
1.5,100,1262,1.0585
1.5,100,1263,1.0585
1.5,100,1264,1.0585
1.5,100,1265,1.0585
1.5,100,1266,1.0585
1.5,100,1267,1.0585
1.5,100,1268,1.0585
1.5,100,1269,1.0585
1.5,100,1270,1.0585
1.5,100,1271,1.0585
1.5,100,1272,1.0585
1.5,100,1273,1.0584
1.5,100,1274,1.0584
1.5,100,1275,1.0584
1.5,100,1276,1.0584
1.5,100,1277,1.0584
1.5,100,1278,1.0584
1.5,100,1279,1.0584
1.5,100,1280,1.0584
1.5,100,1281,1.0584
1.5,100,1282,1.0584
1.5,100,1283,1.0584
1.5,100,1284,1.0584
1.5,100,1285,1.0584
1.5,100,1286,1.0584
1.5,100,1287,1.0584
1.5,100,1288,1.0584
1.5,100,1289,1.0584
1.5,100,1290,1.0584
1.5,100,1291,1.0584
1.5,100,1292,1.0584
1.5,100,1293,1.0584
1.5,100,1294,1.0584
1.5,100,1295,1.0584
1.5,100,1296,1.0584
1.5,100,1297,1.0584
1.5,100,1298,1.0584
1.5,100,1299,1.0584
1.5,100,1300,1.0583
1.5,100,1301,1.0583
1.5,100,1302,1.0583
1.5,100,1303,1.0583
1.5,100,1304,1.0583
1.5,100,1305,1.0583
1.5,100,1306,1.0583
1.5,100,1307,1.0583
1.5,100,1308,1.0583
1.5,100,1309,1.0583
1.5,100,1310,1.0583
1.5,100,1311,1.0583
1.5,100,1312,1.0583
1.5,100,1313,1.0583
1.5,100,1314,1.0583
1.5,100,1315,1.0583
1.5,100,1316,1.0583
1.5,100,1317,1.0583
1.5,100,1318,1.0583
1.5,100,1319,1.0583
1.5,100,1320,1.0583
1.5,100,1321,1.0583
1.5,100,1322,1.0583
1.5,100,1323,1.0583
1.5,100,1324,1.0583
1.5,100,1325,1.0583
1.5,100,1326,1.0583
1.5,100,1327,1.0582
1.5,100,1328,1.0582
1.5,100,1329,1.0582
1.5,100,1330,1.0582
1.5,100,1331,1.0582
1.5,100,1332,1.0582
1.5,100,1333,1.0588
1.5,100,1334,1.0841
1.5,100,1335,1.1187
1.5,100,1336,1.1202
1.5,100,1337,1.1218
1.5,100,1338,1.1278
1.5,100,1339,1.1279
1.5,100,1340,1.1279
1.5,100,1341,1.128
1.5,100,1342,1.128
1.5,100,1343,1.1281
1.5,100,1344,1.1281
1.5,100,1345,1.1281
1.5,100,1346,1.1281
1.5,100,1347,1.1281
1.5,100,1348,1.1281
1.5,100,1349,1.1281
1.5,100,1350,1.1287
1.5,100,1351,1.1308
1.5,100,1352,1.132
1.5,100,1353,1.1325
1.5,100,1354,1.133
1.5,100,1355,1.1335
1.5,100,1356,1.134
1.5,100,1357,1.1346
1.5,100,1358,1.1353
1.5,100,1359,1.136
1.5,100,1360,1.1368
1.5,100,1361,1.1377
1.5,100,1362,1.1387
1.5,100,1363,1.1398
1.5,100,1364,1.1411
1.5,100,1365,1.1425
1.5,100,1366,1.144
1.5,100,1367,1.1458
1.5,100,1368,1.1467
1.5,100,1369,1.1469
1.5,100,1370,1.1472
1.5,100,1371,1.1473
1.5,100,1372,1.1476
1.5,100,1373,1.1477
1.5,100,1374,1.1478
1.5,100,1375,1.1479
1.5,100,1376,1.148
1.5,100,1377,1.1481
1.5,100,1378,1.1482
1.5,100,1379,1.1483
1.5,100,1380,1.1485
1.5,100,1381,1.1486
1.5,100,1382,1.1487
1.5,100,1383,1.1488
1.5,100,1384,1.1489
1.5,100,1385,1.149
1.5,100,1386,1.1491
1.5,100,1387,1.1492
1.5,100,1388,1.1493
1.5,100,1389,1.1494
1.5,100,1390,1.1495
1.5,100,1391,1.1496
1.5,100,1392,1.1496
1.5,100,1393,1.1497
1.5,100,1394,1.1498
1.5,100,1395,1.1498
1.5,100,1396,1.1499
1.5,100,1397,1.15
1.5,100,1398,1.1501
1.5,100,1399,1.1501
1.5,100,1400,1.1502
1.5,100,1401,1.1503
1.5,100,1402,1.1503
1.5,100,1403,1.1504
1.5,100,1404,1.1505
1.5,100,1405,1.1506
1.5,100,1406,1.1506
1.5,100,1407,1.1507
1.5,100,1408,1.1508
1.5,100,1409,1.1509
1.5,100,1410,1.151
1.5,100,1411,1.151
1.5,100,1412,1.1511
1.5,100,1413,1.1512
1.5,100,1414,1.1513
1.5,100,1415,1.1514
1.5,100,1416,1.1514
1.5,100,1417,1.1515
1.5,100,1418,1.1516
1.5,100,1419,1.1517
1.5,100,1420,1.1517
1.5,100,1421,1.1518
1.5,100,1422,1.1519
1.5,100,1423,1.152
1.5,100,1424,1.152
1.5,100,1425,1.1521
1.5,100,1426,1.1522
1.5,100,1427,1.1523
1.5,100,1428,1.1523
1.5,100,1429,1.1524
1.5,100,1430,1.1525
1.5,100,1431,1.1526
1.5,100,1432,1.1526
1.5,100,1433,1.1527
1.5,100,1434,1.1528
1.5,100,1435,1.1529
1.5,100,1436,1.153
1.5,100,1437,1.153
1.5,100,1438,1.1531
1.5,100,1439,1.1532
1.5,100,1440,1.1535
1.5,100,1441,1.1537
1.5,100,1442,1.1538
1.5,100,1443,1.1541
1.5,100,1444,1.1543
1.5,100,1445,1.1544
1.5,100,1446,1.1547
1.5,100,1447,1.1549
1.5,100,1448,1.1551
1.5,100,1449,1.1553
1.5,100,1450,1.1555
1.5,100,1451,1.1557
1.5,100,1452,1.1559
1.5,100,1453,1.1561
1.5,100,1454,1.1563
1.5,100,1455,1.1565
1.5,100,1456,1.1567
1.5,100,1457,1.1569
1.5,100,1458,1.1571
1.5,100,1459,1.1573
1.5,100,1460,1.1575
1.5,100,1461,1.1577
1.5,100,1462,1.1579
1.5,100,1463,1.1581
1.5,100,1464,1.1583
1.5,100,1465,1.1586
1.5,100,1466,1.1588
1.5,100,1467,1.159
1.5,100,1468,1.1592
1.5,100,1469,1.1594
1.5,100,1470,1.1596
1.5,100,1471,1.1599
1.5,100,1472,1.1601
1.5,100,1473,1.1603
1.5,100,1474,1.1605
1.5,100,1475,1.1607
1.5,100,1476,1.1609
1.5,100,1477,1.1611
1.5,100,1478,1.1614
1.5,100,1479,1.1616
1.5,100,1480,1.1618
1.5,100,1481,1.1621
1.5,100,1482,1.1623
1.5,100,1483,1.1627
1.5,100,1484,1.1631
1.5,100,1485,1.1634
1.5,100,1486,1.1638
1.5,100,1487,1.1642
1.5,100,1488,1.1644
1.5,100,1489,1.1647
1.5,100,1490,1.1649
1.5,100,1491,1.1651
1.5,100,1492,1.1654
1.5,100,1493,1.1656
1.5,100,1494,1.1659
1.5,100,1495,1.1661
1.5,100,1496,1.1664
1.5,100,1497,1.1666
1.5,100,1498,1.1668
1.5,100,1499,1.1671
1.5,100,1500,1.1673
1.5,100,1501,1.1676
1.5,100,1502,1.1678
1.5,100,1503,1.1681
1.5,100,1504,1.1684
1.5,100,1505,1.1686
1.5,100,1506,1.1688
1.5,100,1507,1.169
1.5,100,1508,1.1693
1.5,100,1509,1.1695
1.5,100,1510,1.1697
1.5,100,1511,1.17
1.5,100,1512,1.1702
1.5,100,1513,1.1705
1.5,100,1514,1.1707
1.5,100,1515,1.171
1.5,100,1516,1.1712
1.5,100,1517,1.1714
1.5,100,1518,1.1717
1.5,100,1519,1.1719
1.5,100,1520,1.1721
1.5,100,1521,1.1724
1.5,100,1522,1.1727
1.5,100,1523,1.1729
1.5,100,1524,1.1732
1.5,100,1525,1.1734
1.5,100,1526,1.1737
1.5,100,1527,1.1738
1.5,100,1528,1.1741
1.5,100,1529,1.1743
1.5,100,1530,1.1745
1.5,100,1531,1.1748
1.5,100,1532,1.175
1.5,100,1533,1.1752
1.5,100,1534,1.1754
1.5,100,1535,1.1757
1.5,100,1536,1.1759
1.5,100,1537,1.1761
1.5,100,1538,1.1763
1.5,100,1539,1.1765
1.5,100,1540,1.1767
1.5,100,1541,1.1769
1.5,100,1542,1.1771
1.5,100,1543,1.1773
1.5,100,1544,1.1775
1.5,100,1545,1.1777
1.5,100,1546,1.1779
1.5,100,1547,1.1781
1.5,100,1548,1.1783
1.5,100,1549,1.1785
1.5,100,1550,1.1787
1.5,100,1551,1.1788
1.5,100,1552,1.179
1.5,100,1553,1.1792
1.5,100,1554,1.1794
1.5,100,1555,1.1796
1.5,100,1556,1.1798
1.5,100,1557,1.18
1.5,100,1558,1.1802
1.5,100,1559,1.1804
1.5,100,1560,1.1806
1.5,100,1561,1.1808
1.5,100,1562,1.1809
1.5,100,1563,1.1811
1.5,100,1564,1.1813
1.5,100,1565,1.1815
1.5,100,1566,1.1817
1.5,100,1567,1.1819
1.5,100,1568,1.1821
1.5,100,1569,1.1823
1.5,100,1570,1.1825
1.5,100,1571,1.1827
1.5,100,1572,1.1829
1.5,100,1573,1.1831
1.5,100,1574,1.1833
1.5,100,1575,1.1835
1.5,100,1576,1.1837
1.5,100,1577,1.1839
1.5,100,1578,1.1841
1.5,100,1579,1.1843
1.5,100,1580,1.1845
1.5,100,1581,1.1847
1.5,100,1582,1.1849
1.5,100,1583,1.1851
1.5,100,1584,1.1853
1.5,100,1585,1.1855
1.5,100,1586,1.1857
1.5,100,1587,1.1859
1.5,100,1588,1.1861
1.5,100,1589,1.1863
1.5,100,1590,1.1865
1.5,100,1591,1.1867
1.5,100,1592,1.1869
1.5,100,1593,1.1871
1.5,100,1594,1.1873
1.5,100,1595,1.1875
1.5,100,1596,1.1877
1.5,100,1597,1.1879
1.5,100,1598,1.1881
1.5,100,1599,1.1883
1.5,100,1600,1.1885
1.5,100,1601,1.1887
1.5,100,1602,1.189
1.5,100,1603,1.1892
1.5,100,1604,1.1894
1.5,100,1605,1.1896
1.5,100,1606,1.1899
1.5,100,1607,1.1901
1.5,100,1608,1.1903
1.5,100,1609,1.1905
1.5,100,1610,1.1908
1.5,100,1611,1.191
1.5,100,1612,1.1912
1.5,100,1613,1.1914
1.5,100,1614,1.1916
1.5,100,1615,1.1918
1.5,100,1616,1.192
1.5,100,1617,1.1922
1.5,100,1618,1.1924
1.5,100,1619,1.1926
1.5,100,1620,1.1928
1.5,100,1621,1.1931
1.5,100,1622,1.1933
1.5,100,1623,1.1935
1.5,100,1624,1.1937
1.5,100,1625,1.1939
1.5,100,1626,1.1941
1.5,100,1627,1.1944
1.5,100,1628,1.1946
1.5,100,1629,1.1948
1.5,100,1630,1.195
1.5,100,1631,1.1952
1.5,100,1632,1.1954
1.5,100,1633,1.1957
1.5,100,1634,1.1959
1.5,100,1635,1.1961
1.5,100,1636,1.1963
1.5,100,1637,1.1965
1.5,100,1638,1.1968
1.5,100,1639,1.197
1.5,100,1640,1.1972
1.5,100,1641,1.1974
1.5,100,1642,1.1977
1.5,100,1643,1.1979
1.5,100,1644,1.1981
1.5,100,1645,1.1982
1.5,100,1646,1.1984
1.5,100,1647,1.1986
1.5,100,1648,1.1988
1.5,100,1649,1.1989
1.5,100,1650,1.1991
1.5,100,1651,1.1993
1.5,100,1652,1.1995
1.5,100,1653,1.1997
1.5,100,1654,1.1998
1.5,100,1655,1.2
1.5,100,1656,1.2002
1.5,100,1657,1.2004
1.5,100,1658,1.2006
1.5,100,1659,1.2008
1.5,100,1660,1.201
1.5,100,1661,1.2012
1.5,100,1662,1.2014
1.5,100,1663,1.2016
1.5,100,1664,1.2017
1.5,100,1665,1.2019
1.5,100,1666,1.2021
1.5,100,1667,1.2023
1.5,100,1668,1.2027
1.5,100,1669,1.2038
1.5,100,1670,1.204
1.5,100,1671,1.2041
1.5,100,1672,1.2043
1.5,100,1673,1.2045
1.5,100,1674,1.2046
1.5,100,1675,1.2048
1.5,100,1676,1.2055
1.5,100,1677,1.2062
1.5,100,1678,1.2069
1.5,100,1679,1.208
1.5,100,1680,1.2091
1.5,100,1681,1.2098
1.5,100,1682,1.2105
1.5,100,1683,1.2112
1.5,100,1684,1.2117
1.5,100,1685,1.2123
1.5,100,1686,1.2128
1.5,100,1687,1.2133
1.5,100,1688,1.2139
1.5,100,1689,1.2144
1.5,100,1690,1.2149
1.5,100,1691,1.2155
1.5,100,1692,1.216
1.5,100,1693,1.2166
1.5,100,1694,1.2171
1.5,100,1695,1.2177
1.5,100,1696,1.2183
1.5,100,1697,1.2189
1.5,100,1698,1.2195
1.5,100,1699,1.2202
1.5,100,1700,1.2207
1.5,100,1701,1.221
1.5,100,1702,1.2213
1.5,100,1703,1.2215
1.5,100,1704,1.2218
1.5,100,1705,1.2221
1.5,100,1706,1.2223
1.5,100,1707,1.2226
1.5,100,1708,1.2229
1.5,100,1709,1.2232
1.5,100,1710,1.2234
1.5,100,1711,1.2237
1.5,100,1712,1.224
1.5,100,1713,1.2243
1.5,100,1714,1.2246
1.5,100,1715,1.2248
1.5,100,1716,1.2251
1.5,100,1717,1.2254
1.5,100,1718,1.2257
1.5,100,1719,1.226
1.5,100,1720,1.2263
1.5,100,1721,1.2265
1.5,100,1722,1.2268
1.5,100,1723,1.2271
1.5,100,1724,1.2274
1.5,100,1725,1.2277
1.5,100,1726,1.228
1.5,100,1727,1.2283
1.5,100,1728,1.2286
1.5,100,1729,1.2289
1.5,100,1730,1.2291
1.5,100,1731,1.2294
1.5,100,1732,1.2297
1.5,100,1733,1.23
1.5,100,1734,1.2303
1.5,100,1735,1.2306
1.5,100,1736,1.2309
1.5,100,1737,1.2312
1.5,100,1738,1.2315
1.5,100,1739,1.2318
1.5,100,1740,1.2321
1.5,100,1741,1.2324
1.5,100,1742,1.2327
1.5,100,1743,1.233
1.5,100,1744,1.2333
1.5,100,1745,1.2336
1.5,100,1746,1.2339
1.5,100,1747,1.2342
1.5,100,1748,1.2345
1.5,100,1749,1.2348
1.5,100,1750,1.2351
1.5,100,1751,1.2354
1.5,100,1752,1.2358
1.5,100,1753,1.2361
1.5,100,1754,1.2364
1.5,100,1755,1.2367
1.5,100,1756,1.237
1.5,100,1757,1.2373
1.5,100,1758,1.2376
1.5,100,1759,1.238
1.5,100,1760,1.2383
1.5,100,1761,1.2386
1.5,100,1762,1.2389
1.5,100,1763,1.2392
1.5,100,1764,1.2396
1.5,100,1765,1.2399
1.5,100,1766,1.2402
1.5,100,1767,1.2405
1.5,100,1768,1.2409
1.5,100,1769,1.2412
1.5,100,1770,1.2415
1.5,100,1771,1.2418
1.5,100,1772,1.2422
1.5,100,1773,1.2425
1.5,100,1774,1.2428
1.5,100,1775,1.2432
1.5,100,1776,1.2435
1.5,100,1777,1.2438
1.5,100,1778,1.2442
1.5,100,1779,1.2445
1.5,100,1780,1.2448
1.5,100,1781,1.2452
1.5,100,1782,1.2455
1.5,100,1783,1.2458
1.5,100,1784,1.2462
1.5,100,1785,1.2465
1.5,100,1786,1.2469
1.5,100,1787,1.2472
1.5,100,1788,1.2475
1.5,100,1789,1.2479
1.5,100,1790,1.2482
1.5,100,1791,1.2486
1.5,100,1792,1.2489
1.5,100,1793,1.2493
1.5,100,1794,1.2496
1.5,100,1795,1.2499
1.5,100,1796,1.2503
1.5,100,1797,1.2506
1.5,100,1798,1.251
1.5,100,1799,1.2513
1.5,100,1800,1.2517
1.5,100,1801,1.2521
1.5,100,1802,1.2524
1.5,100,1803,1.2528
1.5,100,1804,1.2531
1.5,100,1805,1.2535
1.5,100,1806,1.2538
1.5,100,1807,1.2542
1.5,100,1808,1.2546
1.5,100,1809,1.2549
1.5,100,1810,1.2553
1.5,100,1811,1.2557
1.5,100,1812,1.256
1.5,100,1813,1.2564
1.5,100,1814,1.2568
1.5,100,1815,1.2571
1.5,100,1816,1.2575
1.5,100,1817,1.2579
1.5,100,1818,1.2582
1.5,100,1819,1.2586
1.5,100,1820,1.259
1.5,100,1821,1.2594
1.5,100,1822,1.2597
1.5,100,1823,1.2601
1.5,100,1824,1.2605
1.5,100,1825,1.2609
1.5,100,1826,1.2612
1.5,100,1827,1.2616
1.5,100,1828,1.262
1.5,100,1829,1.2624
1.5,100,1830,1.2628
1.5,100,1831,1.2632
1.5,100,1832,1.2636
1.5,100,1833,1.264
1.5,100,1834,1.2644
1.5,100,1835,1.2648
1.5,100,1836,1.2652
1.5,100,1837,1.2656
1.5,100,1838,1.2659
1.5,100,1839,1.2663
1.5,100,1840,1.2667
1.5,100,1841,1.2671
1.5,100,1842,1.2675
1.5,100,1843,1.2679
1.5,100,1844,1.2683
1.5,100,1845,1.2687
1.5,100,1846,1.2691
1.5,100,1847,1.2695
1.5,100,1848,1.2699
1.5,100,1849,1.2703
1.5,100,1850,1.2707
1.5,100,1851,1.2711
1.5,100,1852,1.2715
1.5,100,1853,1.2719
1.5,100,1854,1.2723
1.5,100,1855,1.2728
1.5,100,1856,1.2732
1.5,100,1857,1.2736
1.5,100,1858,1.274
1.5,100,1859,1.2744
1.5,100,1860,1.2748
1.5,100,1861,1.2752
1.5,100,1862,1.2756
1.5,100,1863,1.2761
1.5,100,1864,1.2765
1.5,100,1865,1.2769
1.5,100,1866,1.2773
1.5,100,1867,1.2777
1.5,100,1868,1.2782
1.5,100,1869,1.2786
1.5,100,1870,1.279
1.5,100,1871,1.2794
1.5,100,1872,1.2799
1.5,100,1873,1.2804
1.5,100,1874,1.2807
1.5,100,1875,1.2813
1.5,100,1876,1.2817
1.5,100,1877,1.2821
1.5,100,1878,1.2826
1.5,100,1879,1.2829
1.5,100,1880,1.2834
1.5,100,1881,1.2838
1.5,100,1882,1.2843
1.5,100,1883,1.2847
1.5,100,1884,1.2852
1.5,100,1885,1.2856
1.5,100,1886,1.286
1.5,100,1887,1.2865
1.5,100,1888,1.287
1.5,100,1889,1.2875
1.5,100,1890,1.288
1.5,100,1891,1.2884
1.5,100,1892,1.2889
1.5,100,1893,1.2891
1.5,100,1894,1.2894
1.5,100,1895,1.2897
1.5,100,1896,1.2901
1.5,100,1897,1.2905
1.5,100,1898,1.2908
1.5,100,1899,1.2912
1.5,100,1900,1.2916
1.5,100,1901,1.292
1.5,100,1902,1.2924
1.5,100,1903,1.2925
1.5,100,1904,1.2925
1.5,100,1905,1.2925
1.5,100,1906,1.2925
1.5,100,1907,1.2924
1.5,100,1908,1.2924
1.5,100,1909,1.2924
1.5,100,1910,1.2923
1.5,100,1911,1.2923
1.5,100,1912,1.2922
1.5,100,1913,1.2922
1.5,100,1914,1.2922
1.5,100,1915,1.2922
1.5,100,1916,1.2921
1.5,100,1917,1.2921
1.5,100,1918,1.2921
1.5,100,1919,1.2921
1.5,100,1920,1.292
1.5,100,1921,1.292
1.5,100,1922,1.292
1.5,100,1923,1.292
1.5,100,1924,1.292
1.5,100,1925,1.292
1.5,100,1926,1.292
1.5,100,1927,1.292
1.5,100,1928,1.292
1.5,100,1929,1.292
1.5,100,1930,1.292
1.5,100,1931,1.292
1.5,100,1932,1.292
1.5,100,1933,1.292
1.5,100,1934,1.292
1.5,100,1935,1.2919
1.5,100,1936,1.292
1.5,100,1937,1.2919
1.5,100,1938,1.2911
1.5,100,1939,1.2897
1.5,100,1940,1.2886
1.5,100,1941,1.2857
1.5,100,1942,1.2826
1.5,100,1943,1.2798
1.5,100,1944,1.2767
1.5,100,1945,1.274
1.5,100,1946,1.271
1.5,100,1947,1.2677
1.5,100,1948,1.2648
1.5,100,1949,1.2628
1.5,100,1950,1.26
1.5,100,1951,1.2572
1.5,100,1952,1.2545
1.5,100,1953,1.252
1.5,100,1954,1.2494
1.5,100,1955,1.2459
1.5,100,1956,1.2436
1.5,100,1957,1.2412
1.5,100,1958,1.2389
1.5,100,1959,1.2367
1.5,100,1960,1.2345
1.5,100,1961,1.2324
1.5,100,1962,1.2303
1.5,100,1963,1.2282
1.5,100,1964,1.2262
1.5,100,1965,1.2243
1.5,100,1966,1.222
