Reconstruction lambda,SNR,Data length,RNMSE1,RNMSE2,Sparsity
0.005,0,1,1.0807,1.6529,81
0.005,0,2,1.0008,1.0299,11
0.005,0,3,1.0011,1.0365,9
0.005,0,4,1.0002,1.0198,8
0.005,0,5,1.0004,1.0197,5
0.005,0,6,1.0002,1.0197,5
0.005,0,7,1.0002,1.0197,5
0.005,0,8,1.0002,1.0197,5
0.005,0,9,1.0002,1.0197,5
0.005,0,10,1.0002,1.0197,5
0.005,0,11,1.0002,1.0197,5
0.005,0,12,1.0002,1.0197,5
0.005,0,13,1.0002,1.0197,5
0.005,0,14,1.0002,1.0197,5
0.005,0,15,1.0002,1.0197,5
0.005,0,16,1.0002,1.0197,4
0.005,0,17,1.0002,1.0197,5
0.005,0,18,1.0002,1.0197,4
0.005,0,19,1.0002,1.0197,4
0.005,0,20,1.0269,1.0732,6
0.005,0,21,1.0189,1.0058,6
0.005,0,22,1.0134,1.0058,6
0.005,0,23,1.0103,0.99206,7
0.005,0,24,1.0086,1.0058,7
0.005,0,25,1.0078,1.0058,7
0.005,0,26,1.0079,1.0058,7
0.005,0,27,1.0118,1.0058,7
0.005,0,28,1.0625,1.0058,7
0.005,0,29,11.7389,12.2721,6
0.005,0,30,15.5191,15.9892,6
0.005,0,31,3.7278,4.0316,6
0.005,0,32,3.4122,3.65,6
0.005,0,33,3.2184,3.4322,7
0.005,0,34,18.0023,18.4092,7
0.005,0,35,21.5267,21.8512,5
0.005,0,36,3.4266,3.6293,6
0.005,0,37,4.4173,4.6615,6
0.005,0,38,17.004,17.3846,6
0.005,0,39,2.195,2.271,6
0.005,0,40,3.0393,3.1896,6
0.005,0,41,61.2588,61.578,5
0.005,0,42,19.6415,19.9288,6
0.005,0,43,46.1706,46.4558,6
0.005,0,44,17.1968,17.4851,7
0.005,0,45,22.7829,22.9783,5
0.005,0,46,106.7251,105.1454,3
0.005,0,47,107.0882,105.4999,3
0.005,0,48,107.391,105.7953,3
0.005,0,49,107.5443,105.945,3
0.005,0,50,107.8553,106.2485,3
0.005,0,51,108.1419,106.5282,3
0.005,0,52,96.2229,95.6535,4
0.005,0,53,37.0477,36.8228,5
0.005,0,54,34.1537,34.146,5
0.005,0,55,38.5161,38.3123,5
0.005,0,56,42.7838,42.4123,5
0.005,0,57,44.5343,44.086,5
0.005,0,58,14.8096,14.7819,6
0.005,0,59,1.04,1.0058,6
0.005,0,60,1.3173,1.1159,6
0.005,0,61,1.0208,1.0058,6
0.005,0,62,1.207,1.0058,6
0.005,0,63,1.1223,1.0058,6
0.005,0,64,2.7775,2.8103,9
0.005,0,65,3.3661,3.4378,6
0.005,0,66,1.0538,1.0058,7
0.005,0,67,1.0006,1.0058,7
0.005,0,68,1,1.0058,6
0.005,0,69,1,1.0058,5
0.005,0,70,1,1.0058,5
0.005,0,71,1,1.0058,6
0.005,0,72,1,1.0058,5
0.005,0,73,1,1.0058,5
0.005,0,74,1,1.0058,7
0.005,0,75,1,1.0058,8
0.005,0,76,1,1.0058,8
0.005,0,77,1.0001,1.0058,8
0.005,0,78,1.0001,1.0058,6
0.005,0,79,1,1.0058,6
0.005,0,80,1,1.0056,8
0.005,0,81,1.0002,1.0057,9
0.005,0,82,1,1.0058,5
0.005,0,83,1,1.0058,5
0.005,0,84,1,1.0058,5
0.005,0,85,1,1.0058,6
0.005,0,86,1,1.0058,4
0.005,0,87,1,1.0058,4
0.005,0,88,1,1.0058,4
0.005,0,89,1,1.0058,4
0.005,0,90,1,1.0058,4
0.005,0,91,1,1.0058,5
0.005,0,92,1,1.0058,5
0.005,0,93,1,1.0058,4
0.005,0,94,1,1.0058,5
0.005,0,95,1,1.0058,6
0.005,0,96,1,1.0058,6
0.005,0,97,1,1.0058,5
0.005,0,98,1,1.0058,5
0.005,0,99,1,1.0058,4
0.005,0,100,1,1.0058,4
0.005,0,101,1,1.0058,6
0.005,0,102,1,1.0058,6
0.005,0,103,1,1.0058,5
0.005,0,104,1,1.0058,7
0.005,0,105,1,1.0058,6
0.005,0,106,1,1.0058,7
0.005,0,107,1,1.0058,4
0.005,0,108,1.0002,1.0058,8
0.005,0,109,1.0001,1.0058,8
0.005,0,110,1,1.0058,8
0.005,0,111,1,1.0058,6
0.005,0,112,1,1.0058,5
0.005,0,113,1,1.0058,5
0.005,0,114,1,1.0058,6
0.005,0,115,1,1.0058,5
0.005,0,116,1,1.0058,5
0.005,0,117,1,1.0058,5
0.005,0,118,1,1.0058,5
0.005,0,119,1,1.0058,6
0.005,0,120,1,1.0058,6
0.005,0,121,1,1.0058,5
0.005,0,122,1,1.0058,6
0.005,0,123,1,1.0058,6
0.005,0,124,0.99999,1.0058,8
0.005,0,125,0.96939,0.97597,8
0.005,0,126,0.93707,0.9446,9
0.005,0,127,0.91045,0.91866,8
0.005,0,128,0.90631,0.9148,8
0.005,0,129,0.8702,0.8796,8
0.005,0,130,0.879,0.88839,8
0.005,0,131,0.84308,0.85334,9
0.005,0,132,0.60087,0.61605,7
0.005,0,133,0.56043,0.57655,7
0.005,0,134,0.53097,0.54777,7
0.005,0,135,0.49857,0.51611,7
0.005,0,136,0.47616,0.49421,6
0.005,0,137,0.44747,0.46617,6
0.005,0,138,0.42242,0.44167,6
0.005,0,139,0.40148,0.4212,7
0.005,0,140,0.38233,0.40248,8
0.005,0,141,0.36608,0.38657,8
0.005,0,142,0.34925,0.37011,7
0.005,0,143,0.33486,0.35603,7
0.005,0,144,0.32094,0.3424,6
0.005,0,145,0.30867,0.33038,6
0.005,0,146,0.29444,0.31645,7
0.005,0,147,0.54836,0.57557,7
0.005,0,148,0.27495,0.29735,6
0.005,0,149,0.26651,0.28907,6
0.005,0,150,0.26726,0.28155,7
0.005,0,151,0.31153,0.3089,7
0.005,0,152,0.35454,0.3575,7
0.005,0,153,0.42604,0.43818,7
0.005,0,154,0.53878,0.56048,7
0.005,0,155,0.67202,0.70584,7
0.005,0,156,0.85346,0.87099,8
0.005,0,157,0.9335,0.96066,8
0.005,0,158,0.97036,0.997,8
0.005,0,159,0.99456,1.0221,8
0.005,0,160,1.0006,1.028,8
0.005,0,161,1.0011,1.0287,7
0.005,0,162,1.001,1.0297,8
0.005,0,163,1.0011,1.0313,8
0.005,0,164,1.0012,1.033,8
0.005,0,165,1.0013,1.0343,9
0.005,0,166,1.0014,1.0358,8
0.005,0,167,1.0015,1.0368,8
0.005,0,168,1.0017,1.0402,8
0.005,0,169,1.0018,1.0421,8
0.005,0,170,1.0021,1.0449,8
0.005,0,171,1.0021,1.0464,8
0.005,0,172,1.0057,1.0845,7
0.005,0,173,1.0056,1.084,7
0.005,0,174,1.0059,1.0845,6
0.005,0,175,0.50947,0.53453,7
0.005,0,176,0.51474,0.54067,7
0.005,0,177,0.51781,0.54427,7
0.005,0,178,0.51925,0.54601,7
0.005,0,179,0.5205,0.54751,7
0.005,0,180,0.52215,0.54944,7
0.005,0,181,0.52173,0.54899,7
0.005,0,182,0.52169,0.54893,7
0.005,0,183,0.51727,0.54399,7
0.005,0,184,0.33031,0.33594,7
0.005,0,185,0.238,0.23227,6
0.005,0,186,0.23714,0.23143,6
0.005,0,187,0.23721,0.2315,6
0.005,0,188,0.2393,0.23354,6
0.005,0,189,0.23935,0.23359,6
0.005,0,190,0.23921,0.23345,6
0.005,0,191,0.23961,0.23384,6
0.005,0,192,0.24007,0.2343,6
0.005,0,193,0.23899,0.23324,6
0.005,0,194,0.23854,0.2328,6
0.005,0,195,0.23819,0.23246,6
0.005,0,196,0.23797,0.23224,6
0.005,0,197,0.23762,0.2319,6
0.005,0,198,0.23731,0.23159,6
0.005,0,199,0.23718,0.23147,6
0.005,0,200,0.2374,0.23168,6
0.005,0,201,0.27711,0.27648,7
0.005,0,202,0.53637,0.56496,7
0.005,0,203,0.54494,0.57451,7
0.005,0,204,0.54532,0.57495,7
0.005,0,205,0.5464,0.57617,7
0.005,0,206,0.54985,0.58,7
0.005,0,207,0.55226,0.58269,7
0.005,0,208,0.55107,0.58136,7
0.005,0,209,0.55001,0.58018,7
0.005,0,210,0.54903,0.57909,7
0.005,0,211,0.53955,0.56855,7
0.005,0,212,0.53684,0.56554,7
0.005,0,213,0.53433,0.56277,7
0.005,0,214,0.53202,0.56023,7
0.005,0,215,0.52992,0.55792,7
0.005,0,216,0.52803,0.55584,7
0.005,0,217,0.5116,0.53758,7
0.005,0,218,0.51512,0.54152,7
0.005,0,219,0.51554,0.54199,7
0.005,0,220,0.51566,0.54212,7
0.005,0,221,0.5162,0.54274,7
0.005,0,222,0.5165,0.54308,7
0.005,0,223,0.51669,0.54329,7
0.005,0,224,0.51689,0.54351,7
0.005,0,225,0.51708,0.54372,7
0.005,0,226,0.51731,0.54397,7
0.005,0,227,0.51756,0.54424,7
0.005,0,228,0.51785,0.54456,7
0.005,0,229,0.51805,0.54478,7
0.005,0,230,0.51823,0.54498,7
0.005,0,231,0.51843,0.54519,7
0.005,0,232,0.5161,0.5426,7
0.005,0,233,0.51625,0.54276,7
0.005,0,234,0.5165,0.54303,7
0.005,0,235,0.51674,0.54329,7
0.005,0,236,0.51698,0.54356,7
0.005,0,237,0.51756,0.54422,7
0.005,0,238,0.5178,0.54448,7
0.005,0,239,0.51766,0.5443,7
0.005,0,240,0.51782,0.54447,7
0.005,0,241,0.518,0.54466,7
0.005,0,242,0.51802,0.54468,7
0.005,0,243,0.51827,0.54495,7
0.005,0,244,0.51856,0.54527,7
0.005,0,245,0.51888,0.54563,7
0.005,0,246,0.51892,0.54566,7
0.005,0,247,0.51937,0.54616,7
0.005,0,248,0.51959,0.54639,7
0.005,0,249,0.51976,0.54657,7
0.005,0,250,0.51993,0.54675,7
0.005,0,251,0.5201,0.54694,7
0.005,0,252,0.52028,0.54713,7
0.005,0,253,0.52047,0.54733,7
0.005,0,254,0.52266,0.5497,7
0.005,0,255,0.52614,0.55356,7
0.005,0,256,0.52655,0.55401,7
0.005,0,257,0.52682,0.5543,7
0.005,0,258,0.52708,0.55458,7
0.005,0,259,0.56137,0.59271,7
0.005,0,260,0.56115,0.59245,7
0.005,0,261,0.55881,0.58982,8
0.005,0,262,0.55859,0.58958,8
0.005,0,263,0.56061,0.59183,8
0.005,0,264,0.56044,0.59164,8
0.005,0,265,0.56038,0.59157,8
0.005,0,266,0.56034,0.59153,8
0.005,0,267,0.55967,0.5908,8
0.005,0,268,0.55966,0.59079,8
0.005,0,269,0.55963,0.59076,8
0.005,0,270,0.55959,0.59072,8
0.005,0,271,0.55952,0.59064,8
0.005,0,272,0.55943,0.59054,8
0.005,0,273,0.55925,0.59034,8
0.005,0,274,0.55913,0.5902,8
0.005,0,275,0.55899,0.59004,8
0.005,0,276,0.55884,0.58987,8
0.005,0,277,0.55868,0.58969,7
0.005,0,278,0.55842,0.58939,7
0.005,0,279,0.55823,0.58916,7
0.005,0,280,0.55809,0.589,7
0.005,0,281,0.55786,0.58874,7
0.005,0,282,0.55763,0.58847,7
0.005,0,283,0.5574,0.5882,7
0.005,0,284,0.55719,0.58796,7
0.005,0,285,0.55697,0.5877,7
0.005,0,286,0.55675,0.58745,7
0.005,0,287,0.55647,0.58713,7
0.005,0,288,0.55625,0.58687,7
0.005,0,289,0.55603,0.58662,7
0.005,0,290,0.55579,0.58633,7
0.005,0,291,0.55556,0.58607,7
0.005,0,292,0.55531,0.58578,7
0.005,0,293,0.55507,0.5855,7
0.005,0,294,0.55376,0.58403,7
0.005,0,295,0.55351,0.58374,7
0.005,0,296,0.55324,0.58342,7
0.005,0,297,0.55295,0.58308,7
0.005,0,298,0.55264,0.58272,7
0.005,0,299,0.55232,0.58234,7
0.005,0,300,0.552,0.58197,7
0.005,0,301,0.55168,0.5816,7
0.005,0,302,0.55137,0.58123,7
0.005,0,303,0.55108,0.5809,7
0.005,0,304,0.55089,0.58067,7
0.005,0,305,0.55067,0.58042,7
0.005,0,306,0.55048,0.58019,7
0.005,0,307,0.5503,0.57997,7
0.005,0,308,0.55019,0.57985,7
0.005,0,309,0.55002,0.57964,7
0.005,0,310,0.54983,0.57941,7
0.005,0,311,0.54965,0.5792,7
0.005,0,312,0.54947,0.579,7
0.005,0,313,0.54917,0.57864,7
0.005,0,314,0.54893,0.57837,7
0.005,0,315,0.5487,0.5781,7
0.005,0,316,0.54979,0.5793,7
0.005,0,317,0.54939,0.57885,7
0.005,0,318,0.54997,0.57955,7
0.005,0,319,0.54968,0.57923,7
0.005,0,320,0.54918,0.57868,7
0.005,0,321,0.54866,0.57809,7
0.005,0,322,0.54819,0.57757,7
0.005,0,323,0.54771,0.57704,7
0.005,0,324,0.54721,0.57648,7
0.005,0,325,0.54664,0.57585,7
0.005,0,326,0.54613,0.57528,7
0.005,0,327,0.54558,0.57468,7
0.005,0,328,0.54505,0.5741,7
0.005,0,329,0.54452,0.57352,7
0.005,0,330,0.54399,0.57294,7
0.005,0,331,0.54336,0.57225,7
0.005,0,332,0.54472,0.57377,7
0.005,0,333,0.5424,0.57123,7
0.005,0,334,0.54242,0.57127,7
0.005,0,335,0.54244,0.57133,7
0.005,0,336,0.54247,0.5714,7
0.005,0,337,0.54252,0.57149,7
0.005,0,338,0.54259,0.57162,7
0.005,0,339,0.54267,0.57176,7
0.005,0,340,0.54277,0.57193,7
0.005,0,341,0.54289,0.57213,7
0.005,0,342,0.54303,0.57236,7
0.005,0,343,0.54318,0.5726,7
0.005,0,344,0.54334,0.57287,7
0.005,0,345,0.54358,0.57324,7
0.005,0,346,0.54305,0.57274,7
0.005,0,347,0.54318,0.57301,7
0.005,0,348,0.54399,0.57404,7
0.005,0,349,0.54404,0.57424,7
0.005,0,350,0.54403,0.57439,7
0.005,0,351,0.54318,0.57361,7
0.005,0,352,0.54322,0.57383,7
0.005,0,353,0.53603,0.56597,7
0.005,0,354,0.53659,0.56683,7
0.005,0,355,0.54264,0.57378,7
0.005,0,356,0.54358,0.57508,7
0.005,0,357,0.54437,0.57624,7
0.005,0,358,0.54485,0.57707,7
0.005,0,359,0.54482,0.57736,7
0.005,0,360,0.54264,0.57527,7
0.005,0,361,0.53091,0.56256,7
0.005,0,362,0.48442,0.51146,7
0.005,0,363,0.4065,0.42537,7
0.005,0,364,0.3812,0.39791,7
0.005,0,365,0.34558,0.35881,7
0.005,0,366,0.29452,0.3026,7
0.005,0,367,0.25611,0.26032,7
0.005,0,368,0.22849,0.2301,7
0.005,0,369,0.20485,0.20432,7
0.005,0,370,0.19406,0.19286,7
0.005,0,371,0.17162,0.1686,7
0.005,0,372,0.16708,0.1641,7
0.005,0,373,0.16306,0.1602,7
0.005,0,374,0.16081,0.15827,7
0.005,0,375,0.15693,0.15454,7
0.005,0,376,0.14663,0.1431,6
0.005,0,377,0.14244,0.13901,6
0.005,0,378,0.13799,0.13467,6
0.005,0,379,0.13438,0.13115,6
0.005,0,380,0.13765,0.13611,7
0.005,0,381,0.13373,0.13236,7
0.005,0,382,0.12196,0.11903,6
0.005,0,383,0.11096,0.10829,6
0.005,0,384,0.10639,0.10383,6
0.005,0,385,0.10164,0.099196,6
0.005,0,386,0.096696,0.094369,6
0.005,0,387,0.092014,0.089799,6
0.005,0,388,0.087433,0.085328,6
0.005,0,389,0.082965,0.080968,6
0.005,0,390,0.078645,0.076752,6
0.005,0,391,0.074437,0.072646,6
0.005,0,392,0.070335,0.068642,6
0.005,0,393,0.066422,0.064823,6
0.005,0,394,0.062654,0.061146,6
0.005,0,395,0.059059,0.057638,6
0.005,0,396,0.055652,0.054313,6
0.005,0,397,0.052378,0.051117,6
0.005,0,398,0.049256,0.04807,6
0.005,0,399,0.046291,0.045177,6
0.005,0,400,0.043468,0.042421,6
0.005,0,401,0.040774,0.039793,6
0.005,0,402,0.038231,0.037311,6
0.005,0,403,0.035833,0.034971,6
0.005,0,404,0.033557,0.03275,6
0.005,0,405,0.031394,0.030638,6
0.005,0,406,0.029374,0.028667,6
0.005,0,407,0.027473,0.026811,6
0.005,0,408,0.025802,0.025181,6
0.005,0,409,0.023981,0.023404,6
0.005,0,410,0.022381,0.021842,6
0.005,0,411,0.020915,0.020412,6
0.005,0,412,0.019706,0.019232,6
0.005,0,413,0.01829,0.017849,6
0.005,0,414,0.017045,0.016635,6
0.005,0,415,0.015877,0.015495,6
0.005,0,416,0.014782,0.014426,6
0.005,0,417,0.013846,0.013512,6
0.005,0,418,0.012876,0.012566,6
0.005,0,419,0.011972,0.011683,6
0.005,0,420,0.011139,0.010871,6
0.005,0,421,0.010375,0.010125,6
0.005,0,422,0.009646,0.0094138,6
0.005,0,423,0.0089361,0.008721,6
0.005,0,424,0.0082893,0.0080897,6
0.005,0,425,0.0076913,0.0075062,6
0.005,0,426,0.00714,0.0069681,6
0.005,0,427,0.0066262,0.0064667,6
0.005,0,428,0.006148,0.006,6
0.005,0,429,0.005647,0.0055111,6
0.005,0,430,0.0053115,0.0051836,6
0.005,0,431,0.0049242,0.0048057,6
0.005,0,432,0.0045627,0.0044529,6
0.005,0,433,0.004227,0.0041253,6
0.005,0,434,0.0039137,0.0038195,6
0.005,0,435,0.0036216,0.0035344,6
0.005,0,436,0.00335,0.0032694,6
0.005,0,437,0.0030969,0.0030224,6
0.005,0,438,0.002862,0.0027931,6
0.005,0,439,0.0026441,0.0025804,6
0.005,0,440,0.0024514,0.0023924,6
0.005,0,441,0.0022595,0.0022051,6
0.005,0,442,0.0020825,0.0020324,6
0.005,0,443,0.0019192,0.001873,6
0.005,0,444,0.001748,0.0017059,6
0.005,0,445,0.0016044,0.0015658,6
0.005,0,446,0.0014738,0.0014383,6
0.005,0,447,0.0013534,0.0013208,6
0.005,0,448,0.0012425,0.0012126,6
0.005,0,449,0.0011408,0.0011133,6
0.005,0,450,0.0010459,0.0010208,6
0.005,0,451,0.00095814,0.00093508,6
0.005,0,452,0.0008779,0.00085677,6
0.005,0,453,0.00080457,0.00078521,6
0.005,0,454,0.00073755,0.0007198,6
0.005,0,455,0.00067633,0.00066006,6
0.005,0,456,0.0006204,0.00060547,6
0.005,0,457,0.00056928,0.00055558,6
0.005,0,458,0.00052254,0.00050997,6
0.005,0,459,0.00047981,0.00046827,6
0.005,0,460,0.00044074,0.00043013,6
0.005,0,461,0.00040499,0.00039524,6
0.005,0,462,0.00037246,0.0003635,6
0.005,0,463,0.00034278,0.00033454,6
0.005,0,464,0.00031755,0.00030991,6
0.005,0,465,0.00029259,0.00028555,6
0.005,0,466,0.0002697,0.00026321,6
0.005,0,467,0.00024869,0.00024271,6
0.005,0,468,0.00022939,0.00022388,6
0.005,0,469,0.00021167,0.00020658,6
0.005,0,470,0.00019539,0.0001907,6
0.005,0,471,0.0002022,0.00019734,6
0.005,0,472,0.00018715,0.00018265,6
0.005,0,473,0.00017327,0.00016911,6
0.005,0,474,0.00016051,0.00015665,6
0.005,0,475,0.00014873,0.00014516,6
0.005,0,476,0.00013783,0.00013452,6
0.005,0,477,0.00011243,0.00010973,6
0.005,0,478,0.00010381,0.00010132,6
0.005,0,479,9.587e-05,9.3568e-05,6
0.005,0,480,8.8561e-05,8.6435e-05,6
0.005,0,481,8.1828e-05,7.9864e-05,6
0.005,0,482,7.5628e-05,7.3813e-05,6
0.005,0,483,6.9914e-05,6.8237e-05,6
0.005,0,484,7.4142e-05,7.2364e-05,6
0.005,0,485,6.8651e-05,6.7005e-05,6
0.005,0,486,6.3579e-05,6.2054e-05,6
0.005,0,487,5.1146e-05,4.992e-05,6
0.005,0,488,4.7339e-05,4.6205e-05,6
0.005,0,489,4.3826e-05,4.2776e-05,6
0.005,0,490,4.0583e-05,3.9611e-05,6
0.005,0,491,4.6756e-05,4.5637e-05,6
0.005,0,492,4.3358e-05,4.232e-05,6
0.005,0,493,4.0212e-05,3.9251e-05,6
0.005,0,494,3.7302e-05,3.641e-05,6
0.005,0,495,3.4608e-05,3.3781e-05,6
0.005,0,496,3.2115e-05,3.1348e-05,6
0.005,0,497,2.9808e-05,2.9096e-05,6
0.005,0,498,2.5671e-05,2.5059e-05,6
0.005,0,499,2.3847e-05,2.3279e-05,6
0.005,0,500,1.9048e-05,1.8594e-05,6
0.005,0,501,1.7686e-05,1.7265e-05,6
0.005,0,502,1.6425e-05,1.6035e-05,6
0.005,0,503,1.5259e-05,1.4896e-05,6
0.005,0,504,1.4179e-05,1.3842e-05,6
0.005,0,505,1.3179e-05,1.2867e-05,6
0.005,0,506,1.2253e-05,1.1963e-05,6
0.005,0,507,1.1396e-05,1.1126e-05,6
0.005,0,508,1.0602e-05,1.0351e-05,6
0.005,0,509,9.8656e-06,9.6331e-06,6
0.005,0,510,9.1837e-06,8.9676e-06,6
0.005,0,511,8.5516e-06,8.3507e-06,6
0.005,0,512,7.9656e-06,7.7789e-06,6
0.005,0,513,7.4221e-06,7.2484e-06,6
0.005,0,514,6.9166e-06,6.7551e-06,6
0.005,0,515,6.4479e-06,6.2976e-06,6
0.005,0,516,6.0131e-06,5.8733e-06,6
0.005,0,517,5.6099e-06,5.4798e-06,6
0.005,0,518,5.2357e-06,5.1146e-06,6
0.005,0,519,4.8885e-06,4.7757e-06,6
0.005,0,520,4.5662e-06,4.4612e-06,6
0.005,0,521,4.267e-06,4.1692e-06,6
0.005,0,522,3.9891e-06,3.898e-06,6
0.005,0,523,3.731e-06,3.6461e-06,6
0.005,0,524,3.4912e-06,3.4121e-06,6
0.005,0,525,3.2684e-06,3.1946e-06,6
0.005,0,526,3.0612e-06,2.9925e-06,6
0.005,0,527,2.8687e-06,2.8045e-06,6
0.005,0,528,2.6896e-06,2.6297e-06,6
0.005,0,529,2.523e-06,2.4671e-06,6
0.005,0,530,2.368e-06,2.3158e-06,6
0.005,0,531,2.2237e-06,2.175e-06,6
0.005,0,532,2.0894e-06,2.044e-06,6
0.005,0,533,1.9643e-06,1.9219e-06,6
0.005,0,534,1.8478e-06,1.8082e-06,6
0.005,0,535,1.7392e-06,1.7022e-06,6
0.005,0,536,3.1607e-07,3.0994e-07,6
0.005,0,537,2.9787e-07,2.9219e-07,6
0.005,0,538,2.809e-07,2.7562e-07,6
0.005,0,539,2.6506e-07,2.6016e-07,6
0.005,0,540,2.5027e-07,2.4573e-07,6
0.005,0,541,2.3646e-07,2.3225e-07,6
0.005,0,542,3.2182e-07,3.159e-07,6
0.005,0,543,3.0591e-07,3.0038e-07,6
0.005,0,544,2.9097e-07,2.858e-07,6
0.005,0,545,2.7692e-07,2.721e-07,6
0.005,0,546,2.636e-07,2.591e-07,6
0.005,0,547,2.509e-07,2.4671e-07,6
0.005,0,548,2.3898e-07,2.3508e-07,6
0.005,0,549,2.2779e-07,2.2416e-07,6
0.005,0,550,2.1728e-07,2.1391e-07,6
0.005,0,551,2.074e-07,2.0427e-07,6
0.005,0,552,1.9813e-07,1.9522e-07,6
0.005,0,553,1.8941e-07,1.8672e-07,6
0.005,0,554,1.8122e-07,1.7873e-07,6
0.005,0,555,1.7352e-07,1.7122e-07,6
0.005,0,556,1.6628e-07,1.6415e-07,6
0.005,0,557,1.5947e-07,1.5751e-07,6
0.005,0,558,1.5306e-07,1.5126e-07,6
0.005,0,559,1.4704e-07,1.4539e-07,6
0.005,0,560,1.4137e-07,1.3985e-07,6
0.005,0,561,1.3603e-07,1.3464e-07,6
0.005,0,562,1.31e-07,1.2974e-07,6
0.005,0,563,1.2626e-07,1.2512e-07,6
0.005,0,564,1.229e-07,1.2388e-07,6
0.005,0,565,1.222e-07,1.2317e-07,6
0.005,0,566,1.2152e-07,1.2248e-07,6
0.005,0,567,1.2086e-07,1.2181e-07,6
0.005,0,568,1.2022e-07,1.2116e-07,6
0.005,0,569,1.196e-07,1.2054e-07,6
0.005,0,570,1.19e-07,1.1993e-07,6
0.005,0,571,1.1842e-07,1.1934e-07,6
0.005,0,572,1.1785e-07,1.1877e-07,6
0.005,0,573,1.1731e-07,1.1821e-07,6
0.005,0,574,1.1678e-07,1.1767e-07,6
0.005,0,575,1.1626e-07,1.1715e-07,6
0.005,0,576,1.1576e-07,1.1664e-07,6
0.005,0,577,1.1528e-07,1.1615e-07,6
0.005,0,578,1.1481e-07,1.1567e-07,6
0.005,0,579,1.1435e-07,1.1521e-07,6
0.005,0,580,1.139e-07,1.1476e-07,6
0.005,0,581,1.1347e-07,1.1432e-07,6
0.005,0,582,1.1305e-07,1.1389e-07,6
0.005,0,583,1.1264e-07,1.1348e-07,6
0.005,0,584,1.1224e-07,1.1308e-07,6
0.005,0,585,1.1186e-07,1.1268e-07,6
0.005,0,586,1.1148e-07,1.123e-07,6
0.005,0,587,1.1111e-07,1.1193e-07,6
0.005,0,588,1.1076e-07,1.1157e-07,6
0.005,0,589,1.1041e-07,1.1122e-07,6
0.005,0,590,1.1007e-07,1.1087e-07,6
0.005,0,591,1.0974e-07,1.1054e-07,6
0.005,0,592,1.0942e-07,1.1022e-07,6
0.005,0,593,1.0911e-07,1.099e-07,6
0.005,0,594,1.088e-07,1.0959e-07,6
0.005,0,595,1.0851e-07,1.0929e-07,6
0.005,0,596,1.0822e-07,1.09e-07,6
0.005,0,597,1.0794e-07,1.0871e-07,6
0.005,0,598,1.0766e-07,1.0843e-07,6
0.005,0,599,1.0739e-07,1.0816e-07,6
0.005,0,600,1.0713e-07,1.0789e-07,6
0.005,0,601,1.0688e-07,1.0764e-07,6
0.005,0,602,1.0663e-07,1.0738e-07,6
0.005,0,603,1.0639e-07,1.0714e-07,6
0.005,0,604,1.0615e-07,1.069e-07,6
0.005,0,605,1.0592e-07,1.0666e-07,6
0.005,0,606,1.0569e-07,1.0643e-07,6
0.005,0,607,1.0547e-07,1.0621e-07,6
0.005,0,608,1.0526e-07,1.0599e-07,6
0.005,0,609,1.0505e-07,1.0578e-07,6
0.005,0,610,1.0484e-07,1.0557e-07,6
0.005,0,611,1.0464e-07,1.0537e-07,6
0.005,0,612,1.0444e-07,1.0517e-07,6
0.005,0,613,1.0425e-07,1.0498e-07,6
0.005,0,614,1.0407e-07,1.0479e-07,6
0.005,0,615,1.0388e-07,1.046e-07,6
0.005,0,616,1.037e-07,1.0442e-07,6
0.005,0,617,1.0353e-07,1.0424e-07,6
0.005,0,618,1.0336e-07,1.0407e-07,6
0.005,0,619,1.0319e-07,1.039e-07,6
0.005,0,620,1.0303e-07,1.0374e-07,6
0.005,0,621,1.0287e-07,1.0357e-07,6
0.005,0,622,1.0271e-07,1.0342e-07,6
0.005,0,623,1.0256e-07,1.0326e-07,6
0.005,0,624,1.0241e-07,1.0311e-07,6
0.005,0,625,1.0227e-07,1.0296e-07,6
0.005,0,626,1.0212e-07,1.0282e-07,6
0.005,0,627,1.0198e-07,1.0268e-07,6
0.005,0,628,1.0185e-07,1.0254e-07,6
0.005,0,629,1.0171e-07,1.024e-07,6
0.005,0,630,1.0158e-07,1.0227e-07,6
0.005,0,631,1.0146e-07,1.0214e-07,6
0.005,0,632,1.0133e-07,1.0201e-07,6
0.005,0,633,1.3953e-07,1.4143e-07,6
0.005,0,634,1.392e-07,1.4112e-07,6
0.005,0,635,1.389e-07,1.4082e-07,6
0.005,0,636,1.3861e-07,1.4054e-07,6
0.005,0,637,1.3835e-07,1.4028e-07,6
0.005,0,638,1.381e-07,1.4004e-07,6
0.005,0,639,1.3787e-07,1.3982e-07,6
0.005,0,640,1.3765e-07,1.3961e-07,6
0.005,0,641,1.3745e-07,1.3941e-07,6
0.005,0,642,1.3726e-07,1.3923e-07,6
0.005,0,643,1.3709e-07,1.3906e-07,6
0.005,0,644,1.3693e-07,1.3891e-07,6
0.005,0,645,1.3678e-07,1.3876e-07,6
0.005,0,646,1.3665e-07,1.3863e-07,6
0.005,0,647,1.3652e-07,1.385e-07,6
0.005,0,648,1.3641e-07,1.3839e-07,6
0.005,0,649,1.363e-07,1.3829e-07,6
0.005,0,650,1.362e-07,1.3819e-07,6
0.005,0,651,1.3612e-07,1.381e-07,6
0.005,0,652,1.3604e-07,1.3802e-07,6
0.005,0,653,1.3596e-07,1.3795e-07,6
0.005,0,654,1.359e-07,1.3788e-07,6
0.005,0,655,1.3584e-07,1.3782e-07,6
0.005,0,656,1.3578e-07,1.3777e-07,6
0.005,0,657,1.3574e-07,1.3772e-07,6
0.005,0,658,1.357e-07,1.3768e-07,6
0.005,0,659,1.3566e-07,1.3764e-07,6
0.005,0,660,1.3563e-07,1.3761e-07,6
0.005,0,661,1.356e-07,1.3757e-07,6
0.005,0,662,1.3558e-07,1.3755e-07,6
0.005,0,663,1.3555e-07,1.3753e-07,6
0.005,0,664,1.3554e-07,1.3751e-07,6
0.005,0,665,1.3552e-07,1.3749e-07,6
0.005,0,666,1.3551e-07,1.3747e-07,6
0.005,0,667,1.3551e-07,1.3746e-07,6
0.005,0,668,1.355e-07,1.3745e-07,6
0.005,0,669,1.355e-07,1.3744e-07,6
0.005,0,670,1.3549e-07,1.3744e-07,6
0.005,0,671,1.3549e-07,1.3743e-07,6
0.005,0,672,1.3549e-07,1.3743e-07,6
0.005,0,673,1.355e-07,1.3743e-07,6
0.005,0,674,1.355e-07,1.3743e-07,6
0.005,0,675,1.355e-07,1.3742e-07,6
0.005,0,676,1.3551e-07,1.3742e-07,6
0.005,0,677,1.3551e-07,1.3742e-07,6
0.005,0,678,1.3552e-07,1.3743e-07,6
0.005,0,679,1.3553e-07,1.3743e-07,6
0.005,0,680,1.3553e-07,1.3743e-07,6
0.005,0,681,1.3554e-07,1.3743e-07,6
0.005,0,682,1.3555e-07,1.3743e-07,6
0.005,0,683,1.3555e-07,1.3743e-07,6
0.005,0,684,1.3556e-07,1.3743e-07,6
0.005,0,685,1.3557e-07,1.3743e-07,6
0.005,0,686,1.3557e-07,1.3743e-07,6
0.005,0,687,1.3558e-07,1.3742e-07,6
0.005,0,688,1.3558e-07,1.3742e-07,6
0.005,0,689,1.3558e-07,1.3742e-07,6
0.005,0,690,1.3558e-07,1.3741e-07,6
0.005,0,691,1.3559e-07,1.3741e-07,6
0.005,0,692,1.3559e-07,1.374e-07,6
0.005,0,693,1.3559e-07,1.3739e-07,6
0.005,0,694,1.3558e-07,1.3738e-07,6
0.005,0,695,1.3558e-07,1.3737e-07,6
0.005,0,696,1.3558e-07,1.3736e-07,6
0.005,0,697,1.3557e-07,1.3735e-07,6
0.005,0,698,1.3557e-07,1.3734e-07,6
0.005,0,699,1.3556e-07,1.3732e-07,6
0.005,0,700,1.3555e-07,1.3731e-07,6
0.005,0,701,1.3554e-07,1.3729e-07,6
0.005,0,702,1.3553e-07,1.3727e-07,6
0.005,0,703,1.3552e-07,1.3725e-07,6
0.005,0,704,1.355e-07,1.3723e-07,6
0.005,0,705,1.3548e-07,1.372e-07,6
0.005,0,706,1.3547e-07,1.3718e-07,6
0.005,0,707,1.3545e-07,1.3715e-07,6
0.005,0,708,1.3543e-07,1.3712e-07,6
0.005,0,709,1.3541e-07,1.3709e-07,6
0.005,0,710,1.3538e-07,1.3706e-07,6
0.005,0,711,1.3536e-07,1.3703e-07,6
0.005,0,712,1.3533e-07,1.3699e-07,6
0.005,0,713,1.353e-07,1.3696e-07,6
0.005,0,714,1.3527e-07,1.3692e-07,6
0.005,0,715,1.3524e-07,1.3688e-07,6
0.005,0,716,1.3521e-07,1.3684e-07,6
0.005,0,717,1.3518e-07,1.368e-07,6
0.005,0,718,1.3514e-07,1.3676e-07,6
0.005,0,719,1.351e-07,1.3671e-07,6
0.005,0,720,1.3506e-07,1.3666e-07,6
0.005,0,721,1.3502e-07,1.3662e-07,6
0.005,0,722,1.3498e-07,1.3657e-07,6
0.005,0,723,1.3494e-07,1.3651e-07,6
0.005,0,724,1.3489e-07,1.3646e-07,6
0.005,0,725,1.3485e-07,1.3641e-07,6
0.005,0,726,1.348e-07,1.3636e-07,6
0.005,0,727,1.3475e-07,1.363e-07,6
0.005,0,728,1.347e-07,1.3624e-07,6
0.005,0,729,1.3465e-07,1.3618e-07,6
0.005,0,730,1.346e-07,1.3612e-07,6
0.005,0,731,1.3454e-07,1.3606e-07,6
0.005,0,732,1.3449e-07,1.3599e-07,6
0.005,0,733,1.3443e-07,1.3593e-07,6
0.005,0,734,1.3437e-07,1.3586e-07,6
0.005,0,735,1.3431e-07,1.3579e-07,6
0.005,0,736,1.3425e-07,1.3572e-07,6
0.005,0,737,1.3419e-07,1.3565e-07,6
0.005,0,738,1.3412e-07,1.3558e-07,6
0.005,0,739,1.3406e-07,1.3551e-07,6
0.005,0,740,1.3399e-07,1.3543e-07,6
0.005,0,741,1.3392e-07,1.3535e-07,6
0.005,0,742,1.3385e-07,1.3528e-07,6
0.005,0,743,1.3378e-07,1.352e-07,6
0.005,0,744,1.337e-07,1.3512e-07,6
0.005,0,745,1.3363e-07,1.3504e-07,6
0.005,0,746,1.3356e-07,1.3495e-07,6
0.005,0,747,1.3348e-07,1.3487e-07,6
0.005,0,748,1.334e-07,1.3478e-07,6
0.005,0,749,1.3332e-07,1.347e-07,6
0.005,0,750,1.3324e-07,1.3461e-07,6
0.005,0,751,1.3316e-07,1.3452e-07,6
0.005,0,752,1.3308e-07,1.3443e-07,6
0.005,0,753,1.3299e-07,1.3434e-07,6
0.005,0,754,1.329e-07,1.3424e-07,6
0.005,0,755,1.3282e-07,1.3415e-07,6
0.005,0,756,1.3273e-07,1.3405e-07,6
0.005,0,757,1.3264e-07,1.3395e-07,6
0.005,0,758,1.3254e-07,1.3385e-07,6
0.005,0,759,1.3245e-07,1.3375e-07,6
0.005,0,760,1.3235e-07,1.3365e-07,6
0.005,0,761,1.3226e-07,1.3354e-07,6
0.005,0,762,1.3216e-07,1.3344e-07,6
0.005,0,763,1.3205e-07,1.3333e-07,6
0.005,0,764,1.3195e-07,1.3321e-07,6
0.005,0,765,1.3184e-07,1.331e-07,6
0.005,0,766,1.3173e-07,1.3298e-07,6
0.005,0,767,1.3162e-07,1.3286e-07,6
0.005,0,768,1.315e-07,1.3274e-07,6
0.005,0,769,1.3138e-07,1.3261e-07,6
0.005,0,770,1.3125e-07,1.3248e-07,6
0.005,0,771,1.3113e-07,1.3234e-07,6
0.005,0,772,1.3099e-07,1.322e-07,6
0.005,0,773,1.3085e-07,1.3205e-07,6
0.005,0,774,1.307e-07,1.3189e-07,6
0.005,0,775,1.3055e-07,1.3173e-07,6
0.005,0,776,1.3038e-07,1.3156e-07,6
0.005,0,777,1.3021e-07,1.3137e-07,6
0.005,0,778,1.3002e-07,1.3118e-07,6
0.005,0,779,1.2983e-07,1.3097e-07,6
0.005,0,780,1.2961e-07,1.3075e-07,6
0.005,0,781,1.2938e-07,1.3051e-07,6
0.005,0,782,1.2913e-07,1.3025e-07,6
0.005,0,783,1.2886e-07,1.2997e-07,6
0.005,0,784,1.39e-07,1.3918e-07,6
0.005,0,785,1.389e-07,1.3908e-07,6
0.005,0,786,1.3879e-07,1.3897e-07,6
0.005,0,787,1.3868e-07,1.3886e-07,6
0.005,0,788,1.3861e-07,1.3878e-07,6
0.005,0,789,1.387e-07,1.3888e-07,6
0.005,0,790,1.3878e-07,1.3896e-07,6
0.005,0,791,1.3887e-07,1.3905e-07,6
0.005,0,792,1.3895e-07,1.3913e-07,6
0.005,0,793,1.3902e-07,1.3921e-07,6
0.005,0,794,1.391e-07,1.3928e-07,6
0.005,0,795,1.3917e-07,1.3935e-07,6
0.005,0,796,1.3923e-07,1.3942e-07,6
0.005,0,797,1.3929e-07,1.3947e-07,6
0.005,0,798,1.3934e-07,1.3953e-07,6
0.005,0,799,1.3939e-07,1.3958e-07,6
0.005,0,800,1.3943e-07,1.3962e-07,6
0.005,0,801,1.3946e-07,1.3965e-07,6
0.005,0,802,1.3949e-07,1.3968e-07,6
0.005,0,803,1.3951e-07,1.397e-07,6
0.005,0,804,1.3952e-07,1.3972e-07,6
0.005,0,805,1.3952e-07,1.3972e-07,6
0.005,0,806,1.3951e-07,1.3971e-07,6
0.005,0,807,1.3949e-07,1.3969e-07,6
0.005,0,808,1.3946e-07,1.3967e-07,6
0.005,0,809,1.3942e-07,1.3963e-07,6
0.005,0,810,1.4724e-07,1.4819e-07,6
0.005,0,811,1.4597e-07,1.469e-07,6
0.005,0,812,1.4461e-07,1.4552e-07,6
0.005,0,813,1.4317e-07,1.4407e-07,6
0.005,0,814,1.4168e-07,1.4256e-07,6
0.005,0,815,1.4015e-07,1.4101e-07,6
0.005,0,816,1.3881e-07,1.3943e-07,6
0.005,0,817,1.3867e-07,1.3889e-07,6
0.005,0,818,1.3851e-07,1.3874e-07,6
0.005,0,819,1.3834e-07,1.3857e-07,6
0.005,0,820,1.3815e-07,1.3839e-07,6
0.005,0,821,1.3795e-07,1.3819e-07,6
0.005,0,822,1.3773e-07,1.3797e-07,6
0.005,0,823,1.3749e-07,1.3773e-07,6
0.005,0,824,1.3723e-07,1.3748e-07,6
0.005,0,825,1.3695e-07,1.3721e-07,6
0.005,0,826,1.3666e-07,1.3692e-07,6
0.005,0,827,1.3635e-07,1.3661e-07,6
0.005,0,828,1.3601e-07,1.3628e-07,6
0.005,0,829,1.338e-07,1.3407e-07,6
0.005,0,830,1.3346e-07,1.3374e-07,6
0.005,0,831,1.3311e-07,1.334e-07,6
0.005,0,832,1.3274e-07,1.3303e-07,6
0.005,0,833,1.3234e-07,1.3264e-07,6
0.005,0,834,1.3193e-07,1.3224e-07,6
0.005,0,835,1.315e-07,1.3181e-07,6
0.005,0,836,1.3105e-07,1.3137e-07,6
0.005,0,837,1.3059e-07,1.3091e-07,6
0.005,0,838,1.301e-07,1.3043e-07,6
0.005,0,839,1.2959e-07,1.2993e-07,6
0.005,0,840,1.2906e-07,1.2941e-07,6
0.005,0,841,1.2852e-07,1.2887e-07,6
0.005,0,842,1.2796e-07,1.2832e-07,6
0.005,0,843,1.2738e-07,1.2774e-07,6
0.005,0,844,1.2678e-07,1.2715e-07,6
0.005,0,845,1.2616e-07,1.2654e-07,6
0.005,0,846,1.2553e-07,1.2592e-07,6
0.005,0,847,1.2488e-07,1.2528e-07,6
0.005,0,848,1.2422e-07,1.2463e-07,6
0.005,0,849,1.2355e-07,1.2396e-07,6
0.005,0,850,1.2286e-07,1.2328e-07,6
0.005,0,851,1.2215e-07,1.2259e-07,6
0.005,0,852,1.2144e-07,1.2188e-07,6
0.005,0,853,1.2071e-07,1.2117e-07,6
0.005,0,854,1.1998e-07,1.2044e-07,6
0.005,0,855,1.1923e-07,1.1971e-07,6
0.005,0,856,1.1848e-07,1.1897e-07,6
0.005,0,857,1.1772e-07,1.1822e-07,6
0.005,0,858,1.1695e-07,1.1746e-07,6
0.005,0,859,1.1618e-07,1.167e-07,6
0.005,0,860,1.1541e-07,1.1593e-07,6
0.005,0,861,1.1463e-07,1.1517e-07,6
0.005,0,862,1.1385e-07,1.1439e-07,6
0.005,0,863,1.1306e-07,1.1362e-07,6
0.005,0,864,1.1228e-07,1.1285e-07,6
0.005,0,865,1.115e-07,1.1208e-07,6
0.005,0,866,9.9417e-08,9.983e-08,6
0.005,0,867,9.9101e-08,9.951e-08,6
0.005,0,868,1.076e-07,1.0821e-07,6
0.005,0,869,1.6857e-07,1.6941e-07,6
0.005,0,870,1.6357e-07,1.6442e-07,6
0.005,0,871,1.6262e-07,1.6349e-07,6
0.005,0,872,1.6175e-07,1.6264e-07,6
0.005,0,873,1.2134e-07,1.2208e-07,6
0.005,0,874,1.2091e-07,1.2166e-07,6
0.005,0,875,1.2048e-07,1.2125e-07,6
0.005,0,876,1.2005e-07,1.2083e-07,6
0.005,0,877,1.1961e-07,1.2041e-07,6
0.005,0,878,1.1916e-07,1.1997e-07,6
0.005,0,879,1.1869e-07,1.1952e-07,6
0.005,0,880,1.1821e-07,1.1905e-07,6
0.005,0,881,1.1771e-07,1.1856e-07,6
0.005,0,882,1.1719e-07,1.1806e-07,6
0.005,0,883,1.1665e-07,1.1753e-07,6
0.005,0,884,1.1609e-07,1.1699e-07,6
0.005,0,885,1.1551e-07,1.1642e-07,6
0.005,0,886,1.1491e-07,1.1584e-07,6
0.005,0,887,1.143e-07,1.1524e-07,6
0.005,0,888,1.1367e-07,1.1462e-07,6
0.005,0,889,1.1302e-07,1.1398e-07,6
0.005,0,890,1.1236e-07,1.1333e-07,6
0.005,0,891,1.1168e-07,1.1266e-07,6
0.005,0,892,1.1099e-07,1.1199e-07,6
0.005,0,893,1.1032e-07,1.1133e-07,6
0.005,0,894,1.0967e-07,1.1069e-07,6
0.005,0,895,1.0904e-07,1.1006e-07,6
0.005,0,896,1.0842e-07,1.0946e-07,6
0.005,0,897,1.0782e-07,1.0887e-07,6
0.005,0,898,1.0724e-07,1.0829e-07,6
0.005,0,899,1.0667e-07,1.0774e-07,6
0.005,0,900,1.0613e-07,1.072e-07,6
0.005,0,901,1.056e-07,1.0668e-07,6
0.005,0,902,1.0508e-07,1.0618e-07,6
0.005,0,903,1.0459e-07,1.0569e-07,6
0.005,0,904,1.041e-07,1.0521e-07,6
0.005,0,905,1.0364e-07,1.0476e-07,6
0.005,0,906,1.0319e-07,1.0432e-07,6
0.005,0,907,1.0276e-07,1.0389e-07,6
0.005,0,908,1.0234e-07,1.0348e-07,6
0.005,0,909,1.0194e-07,1.0308e-07,6
0.005,0,910,1.0155e-07,1.027e-07,6
0.005,0,911,1.0117e-07,1.0234e-07,6
0.005,0,912,1.0081e-07,1.0198e-07,6
0.005,0,913,1.0046e-07,1.0164e-07,6
0.005,0,914,1.0013e-07,1.0131e-07,6
0.005,0,915,9.9808e-08,1.01e-07,6
0.005,0,916,9.95e-08,1.007e-07,6
0.005,0,917,Ill-conditioned
0.005,0,918,9.892e-08,1.0013e-07,6
0.005,0,919,9.8647e-08,9.9861e-08,6
0.005,0,920,9.8386e-08,9.9605e-08,6
0.005,0,921,9.8136e-08,9.9361e-08,6
0.005,0,922,9.7897e-08,9.9126e-08,6
0.005,0,923,Ill-conditioned
0.005,0,924,9.745e-08,9.8688e-08,6
0.005,0,925,9.7241e-08,9.8484e-08,6
0.005,0,926,9.7042e-08,9.8289e-08,6
0.005,0,927,9.6852e-08,9.8103e-08,6
0.005,0,928,9.6671e-08,9.7925e-08,6
0.005,0,929,9.6498e-08,9.7756e-08,6
0.005,0,930,9.6334e-08,9.7596e-08,6
0.005,0,931,9.6178e-08,9.7443e-08,6
0.005,0,932,9.603e-08,9.7298e-08,6
0.005,0,933,9.5889e-08,9.716e-08,6
0.005,0,934,9.5756e-08,9.7029e-08,6
0.005,0,935,9.5629e-08,9.6905e-08,6
0.005,0,936,9.5509e-08,9.6788e-08,6
0.005,0,937,9.5396e-08,9.6677e-08,6
0.005,0,938,9.5289e-08,9.6572e-08,6
0.005,0,939,9.5188e-08,9.6472e-08,6
0.005,0,940,9.5092e-08,9.6379e-08,6
0.005,0,941,9.5002e-08,9.629e-08,6
0.005,0,942,9.4918e-08,9.6207e-08,6
0.005,0,943,9.4838e-08,9.6129e-08,6
0.005,0,944,9.4763e-08,9.6055e-08,6
0.005,0,945,9.4693e-08,9.5986e-08,6
0.005,0,946,9.4628e-08,9.5921e-08,6
0.005,0,947,9.4566e-08,9.586e-08,6
0.005,0,948,9.4509e-08,9.5803e-08,6
0.005,0,949,9.4455e-08,9.575e-08,6
0.005,0,950,9.4405e-08,9.57e-08,6
0.005,0,951,9.4358e-08,9.5654e-08,6
0.005,0,952,9.4315e-08,9.5611e-08,6
0.005,0,953,9.4275e-08,9.557e-08,6
0.005,0,954,9.4237e-08,9.5533e-08,6
0.005,0,955,9.4203e-08,9.5498e-08,6
0.005,0,956,9.4171e-08,9.5465e-08,6
0.005,0,957,9.4142e-08,9.5435e-08,6
0.005,0,958,9.4114e-08,9.5407e-08,6
0.005,0,959,9.4089e-08,9.5381e-08,6
0.005,0,960,9.4066e-08,9.5358e-08,6
0.005,0,961,9.4045e-08,9.5335e-08,6
0.005,0,962,9.4026e-08,9.5315e-08,6
0.005,0,963,9.4009e-08,9.5296e-08,6
0.005,0,964,9.3992e-08,9.5278e-08,6
0.005,0,965,9.3978e-08,9.5262e-08,6
0.005,0,966,9.3964e-08,9.5247e-08,6
0.005,0,967,9.3952e-08,9.5233e-08,6
0.005,0,968,9.3941e-08,9.522e-08,6
0.005,0,969,9.3931e-08,9.5208e-08,6
0.005,0,970,9.3922e-08,9.5197e-08,6
0.005,0,971,9.3913e-08,9.5186e-08,6
0.005,0,972,9.3905e-08,9.5176e-08,6
0.005,0,973,9.3898e-08,9.5167e-08,6
0.005,0,974,9.3891e-08,9.5158e-08,6
0.005,0,975,9.3885e-08,9.5149e-08,6
0.005,0,976,9.3879e-08,9.514e-08,6
0.005,0,977,9.3874e-08,9.5132e-08,6
0.005,0,978,9.3869e-08,9.5124e-08,6
0.005,0,979,9.3863e-08,9.5116e-08,6
0.005,0,980,9.3858e-08,9.5108e-08,6
0.005,0,981,9.3853e-08,9.5101e-08,6
0.005,0,982,9.3848e-08,9.5093e-08,6
0.005,0,983,9.3843e-08,9.5084e-08,6
0.005,0,984,9.3838e-08,9.5076e-08,6
0.005,0,985,9.3833e-08,9.5067e-08,6
0.005,0,986,9.3827e-08,9.5058e-08,6
0.005,0,987,9.3821e-08,9.5049e-08,6
0.005,0,988,9.3815e-08,9.504e-08,6
0.005,0,989,9.3808e-08,9.503e-08,6
0.005,0,990,9.3801e-08,9.5019e-08,6
0.005,0,991,9.3794e-08,9.5008e-08,6
0.005,0,992,9.3786e-08,9.4997e-08,6
0.005,0,993,9.3778e-08,9.4985e-08,6
0.005,0,994,9.3769e-08,9.4972e-08,6
0.005,0,995,9.3759e-08,9.4959e-08,6
0.005,0,996,9.3749e-08,9.4945e-08,6
0.005,0,997,9.3738e-08,9.4931e-08,6
0.005,0,998,9.3727e-08,9.4915e-08,6
0.005,0,999,9.3715e-08,9.4899e-08,6
0.005,0,1000,9.3702e-08,9.4883e-08,6
